campaignID,term,termWildcard
0,high_speed slow cooker,%high_speed%slow%cooker%
0,compact camera filter,%compact%camera%filter%
0,gaming game controller,%gaming%game%controller%
0,ultra wireless router,%ultra%wireless%router%
0,energy_saving espresso machine,%energy_saving%espresso%machine%
1,noise_cancelling gaming console,%noise_cancelling%gaming%console%
1,ceiling lamp,%ceiling%lamp%
1,black camera bag,%black%camera%bag%
1,eco LED TV,%eco%LED%TV%
1,professional wireless headphones,%professional%wireless%headphones%
1,energy_saving mini fridge,%energy_saving%mini%fridge%
1,4K thermostat,%4K%thermostat%
1,eco food processor,%eco%food%processor%
1,USB_C food processor,%USB_C%food%processor%
1,USB_C juicer,%USB_C%juicer%
1,touch_screen soundbar,%touch_screen%soundbar%
1,noise_cancelling microwave oven,%noise_cancelling%microwave%oven%
1,black camera filter,%black%camera%filter%
1,USB_C desktop PC,%USB_C%desktop%PC%
2,gaming wireless headphones,%gaming%wireless%headphones%
2,energy_saving external hard drive,%energy_saving%external%hard%drive%
2,compact SSD,%compact%SSD%
2,black smart TV,%black%smart%TV%
2,touch_screen digital camera,%touch_screen%digital%camera%
2,high_speed LED TV,%high_speed%LED%TV%
3,slow cooker,%slow%cooker%
3,high_speed fan,%high_speed%fan%
3,eco LED TV,%eco%LED%TV%
3,coffee maker,%coffee%maker%
3,black smoke detector,%black%smoke%detector%
3,4K game controller,%4K%game%controller%
3,energy_saving food processor,%energy_saving%food%processor%
4,compact security camera,%compact%security%camera%
4,compact vacuum cleaner,%compact%vacuum%cleaner%
4,professional humidifier,%professional%humidifier%
4,all_in_one tablet,%all_in_one%tablet%
4,compact handheld vacuum,%compact%handheld%vacuum%
4,compact fan,%compact%fan%
4,ultra action camera,%ultra%action%camera%
4,bluetooth subwoofer,%bluetooth%subwoofer%
4,advanced vacuum cleaner,%advanced%vacuum%cleaner%
4,eco tripod,%eco%tripod%
4,LED refrigerator,%LED%refrigerator%
5,advanced LED lamp,%advanced%LED%lamp%
5,high_speed slow cooker,%high_speed%slow%cooker%
5,advanced mirrorless camera,%advanced%mirrorless%camera%
5,touch_screen external hard drive,%touch_screen%external%hard%drive%
5,portable charger,%portable%charger%
5,4K SSD,%4K%SSD%
5,LED printer,%LED%printer%
5,touch_screen food processor,%touch_screen%food%processor%
5,advanced dishwasher,%advanced%dishwasher%
5,noise_cancelling dishwasher,%noise_cancelling%dishwasher%
6,slow cooker,%slow%cooker%
6,professional camera bag,%professional%camera%bag%
6,high_speed rice cooker,%high_speed%rice%cooker%
6,touch_screen printer,%touch_screen%printer%
6,USB_C convection oven,%USB_C%convection%oven%
6,advanced smoke detector,%advanced%smoke%detector%
6,eco smart TV,%eco%smart%TV%
6,gaming juicer,%gaming%juicer%
6,high_speed portable charger,%high_speed%portable%charger%
6,professional washing machine,%professional%washing%machine%
6,bluetooth power bank,%bluetooth%power%bank%
6,black ice maker,%black%ice%maker%
6,professional bluetooth speaker,%professional%bluetooth%speaker%
6,4K portable heater,%4K%portable%heater%
7,bluetooth smart lock,%bluetooth%smart%lock%
7,compact OLED TV,%compact%OLED%TV%
7,USB_C gaming console,%USB_C%gaming%console%
7,eco smart TV,%eco%smart%TV%
7,ultra studio headphones,%ultra%studio%headphones%
7,energy_saving scanner,%energy_saving%scanner%
7,all_in_one projector,%all_in_one%projector%
7,high_speed humidifier,%high_speed%humidifier%
7,eco portable heater,%eco%portable%heater%
8,professional smart home hub,%professional%smart%home%hub%
8,bluetooth humidifier,%bluetooth%humidifier%
8,pro humidifier,%pro%humidifier%
8,USB_C electric grill,%USB_C%electric%grill%
8,ultra studio headphones,%ultra%studio%headphones%
8,USB_C smart earbuds,%USB_C%smart%earbuds%
8,advanced webcam,%advanced%webcam%
8,high_speed electric skillet,%high_speed%electric%skillet%
9,compact smart light bulb,%compact%smart%light%bulb%
9,bluetooth mechanical keyboard,%bluetooth%mechanical%keyboard%
9,USB_C camera filter,%USB_C%camera%filter%
9,advanced microphone,%advanced%microphone%
9,high_speed camera bag,%high_speed%camera%bag%
9,noise_cancelling scanner,%noise_cancelling%scanner%
9,eco soundbar,%eco%soundbar%
9,eco external hard drive,%eco%external%hard%drive%
9,all_in_one desk lamp,%all_in_one%desk%lamp%
9,touch_screen convection oven,%touch_screen%convection%oven%
10,ultra laptop,%ultra%laptop%
10,pro microwave oven,%pro%microwave%oven%
10,touch_screen floor lamp,%touch_screen%floor%lamp%
10,bluetooth LED lamp,%bluetooth%LED%lamp%
10,professional electric kettle,%professional%electric%kettle%
11,bluetooth fitness tracker,%bluetooth%fitness%tracker%
11,eco mechanical keyboard,%eco%mechanical%keyboard%
11,all_in_one toaster,%all_in_one%toaster%
11,professional vacuum cleaner,%professional%vacuum%cleaner%
11,ultra smartwatch,%ultra%smartwatch%
11,noise_cancelling printer,%noise_cancelling%printer%
11,energy_saving air fryer,%energy_saving%air%fryer%
11,compact webcam,%compact%webcam%
11,professional webcam,%professional%webcam%
11,touch_screen smoke detector,%touch_screen%smoke%detector%
11,pro slow cooker,%pro%slow%cooker%
11,all_in_one water purifier,%all_in_one%water%purifier%
12,advanced external hard drive,%advanced%external%hard%drive%
12,touch_screen subwoofer,%touch_screen%subwoofer%
12,noise_cancelling LED lamp,%noise_cancelling%LED%lamp%
12,bluetooth subwoofer,%bluetooth%subwoofer%
12,high_speed soundbar,%high_speed%soundbar%
12,4K smart home hub,%4K%smart%home%hub%
13,USB_C gaming headset,%USB_C%gaming%headset%
13,LED external hard drive,%LED%external%hard%drive%
13,high_speed external hard drive,%high_speed%external%hard%drive%
13,pro microwave oven,%pro%microwave%oven%
13,advanced camera filter,%advanced%camera%filter%
13,ultra smart lock,%ultra%smart%lock%
13,eco flash drive,%eco%flash%drive%
13,4K digital camera,%4K%digital%camera%
13,all_in_one power bank,%all_in_one%power%bank%
13,noise_cancelling printer,%noise_cancelling%printer%
13,noise_cancelling flash drive,%noise_cancelling%flash%drive%
14,eco air purifier,%eco%air%purifier%
14,eco camera lens,%eco%camera%lens%
14,sound system,%sound%system%
14,4K ceiling lamp,%4K%ceiling%lamp%
14,gaming refrigerator,%gaming%refrigerator%
14,USB_C portable heater,%USB_C%portable%heater%
15,slow cooker,%slow%cooker%
15,noise_cancelling microwave oven,%noise_cancelling%microwave%oven%
15,black dehumidifier,%black%dehumidifier%
15,noise_cancelling dishwasher,%noise_cancelling%dishwasher%
15,high_speed electric kettle,%high_speed%electric%kettle%
16,4K floor lamp,%4K%floor%lamp%
16,LED electric kettle,%LED%electric%kettle%
16,LED soundbar,%LED%soundbar%
16,USB_C convection oven,%USB_C%convection%oven%
16,advanced external hard drive,%advanced%external%hard%drive%
16,4K humidifier,%4K%humidifier%
16,all_in_one tablet,%all_in_one%tablet%
16,smart_home washing machine,%smart_home%washing%machine%
16,professional water purifier,%professional%water%purifier%
16,professional thermostat,%professional%thermostat%
16,compact game controller,%compact%game%controller%
16,touch_screen floor lamp,%touch_screen%floor%lamp%
16,pro camcorder,%pro%camcorder%
16,eco SSD,%eco%SSD%
16,4K juicer,%4K%juicer%
17,gaming LED lamp,%gaming%LED%lamp%
17,4K QLED TV,%4K%QLED%TV%
17,gaming electric grill,%gaming%electric%grill%
17,ultra convection oven,%ultra%convection%oven%
17,pro tripod,%pro%tripod%
17,4K ice maker,%4K%ice%maker%
17,electric grill,%electric%grill%
17,professional portable charger,%professional%portable%charger%
18,all_in_one convection oven,%all_in_one%convection%oven%
18,high_speed gaming console,%high_speed%gaming%console%
18,LED microwave oven,%LED%microwave%oven%
18,gaming mouse,%gaming%mouse%
18,pro convection oven,%pro%convection%oven%
18,pro camcorder,%pro%camcorder%
18,smart_home 4K TV,%smart_home%4K%TV%
18,4K toaster,%4K%toaster%
18,pro scanner,%pro%scanner%
19,bluetooth food processor,%bluetooth%food%processor%
19,eco mechanical keyboard,%eco%mechanical%keyboard%
19,4K video doorbell,%4K%video%doorbell%
19,ultra tripod,%ultra%tripod%
19,pro portable charger,%pro%portable%charger%
19,USB_C portable heater,%USB_C%portable%heater%
19,eco laptop,%eco%laptop%
19,professional thermostat,%professional%thermostat%
19,compact laptop,%compact%laptop%
19,compact webcam,%compact%webcam%
19,compact game controller,%compact%game%controller%
19,pro slow cooker,%pro%slow%cooker%
19,smart_home toaster oven,%smart_home%toaster%oven%
19,noise_cancelling printer,%noise_cancelling%printer%
19,4K portable heater,%4K%portable%heater%
20,high_speed desk lamp,%high_speed%desk%lamp%
20,LED dryer,%LED%dryer%
20,bluetooth humidifier,%bluetooth%humidifier%
20,tripod,%tripod%
20,pro portable charger,%pro%portable%charger%
20,advanced wireless headphones,%advanced%wireless%headphones%
20,black external hard drive,%black%external%hard%drive%
20,touch_screen flash drive,%touch_screen%flash%drive%
20,pro convection oven,%pro%convection%oven%
20,energy_saving flash drive,%energy_saving%flash%drive%
20,bluetooth webcam,%bluetooth%webcam%
20,eco portable heater,%eco%portable%heater%
21,energy_saving LED TV,%energy_saving%LED%TV%
21,USB_C gaming console,%USB_C%gaming%console%
21,LED TV,%LED%TV%
21,4K ceiling lamp,%4K%ceiling%lamp%
21,all_in_one mirrorless camera,%all_in_one%mirrorless%camera%
21,high_speed portable charger,%high_speed%portable%charger%
21,advanced electric grill,%advanced%electric%grill%
21,eco digital camera,%eco%digital%camera%
21,touch_screen gaming console,%touch_screen%gaming%console%
21,eco soundbar,%eco%soundbar%
21,LED portable charger,%LED%portable%charger%
22,bluetooth mechanical keyboard,%bluetooth%mechanical%keyboard%
22,advanced dryer,%advanced%dryer%
22,professional flash drive,%professional%flash%drive%
22,high_speed gaming console,%high_speed%gaming%console%
22,professional slow cooker,%professional%slow%cooker%
22,high_speed desktop PC,%high_speed%desktop%PC%
22,smart_home toaster,%smart_home%toaster%
22,energy_saving air fryer,%energy_saving%air%fryer%
22,eco induction cooktop,%eco%induction%cooktop%
22,noise_cancelling smart home hub,%noise_cancelling%smart%home%hub%
22,4K ice maker,%4K%ice%maker%
22,water purifier,%water%purifier%
22,LED refrigerator,%LED%refrigerator%
23,energy_saving video doorbell,%energy_saving%video%doorbell%
23,gaming power bank,%gaming%power%bank%
23,advanced electric grill,%advanced%electric%grill%
23,compact SSD,%compact%SSD%
23,digital camera,%digital%camera%
23,touch_screen memory card,%touch_screen%memory%card%
23,high_speed gaming headset,%high_speed%gaming%headset%
23,noise_cancelling wireless headphones,%noise_cancelling%wireless%headphones%
23,gaming smoke detector,%gaming%smoke%detector%
23,advanced thermostat,%advanced%thermostat%
23,LED ceiling lamp,%LED%ceiling%lamp%
24,smart_home ceiling fan,%smart_home%ceiling%fan%
24,high_speed external hard drive,%high_speed%external%hard%drive%
24,high_speed espresso machine,%high_speed%espresso%machine%
24,advanced external hard drive,%advanced%external%hard%drive%
24,touch_screen thermostat,%touch_screen%thermostat%
24,humidifier,%humidifier%
24,LED toaster oven,%LED%toaster%oven%
24,advanced SSD,%advanced%SSD%
24,pro SSD,%pro%SSD%
24,bluetooth food processor,%bluetooth%food%processor%
24,professional bluetooth speaker,%professional%bluetooth%speaker%
25,USB_C OLED TV,%USB_C%OLED%TV%
25,noise_cancelling juicer,%noise_cancelling%juicer%
25,touch_screen mini fridge,%touch_screen%mini%fridge%
25,pro QLED TV,%pro%QLED%TV%
25,pro portable charger,%pro%portable%charger%
25,bluetooth speaker,%bluetooth%speaker%
25,professional food processor,%professional%food%processor%
25,USB_C wireless headphones,%USB_C%wireless%headphones%
25,ultra action camera,%ultra%action%camera%
25,bluetooth blender,%bluetooth%blender%
25,compact wireless router,%compact%wireless%router%
25,bluetooth subwoofer,%bluetooth%subwoofer%
25,smoke detector,%smoke%detector%
25,USB_C smart earbuds,%USB_C%smart%earbuds%
25,4K water purifier,%4K%water%purifier%
26,4K floor lamp,%4K%floor%lamp%
26,USB_C subwoofer,%USB_C%subwoofer%
26,advanced video doorbell,%advanced%video%doorbell%
26,LED camera filter,%LED%camera%filter%
26,pro camera lens,%pro%camera%lens%
26,compact refrigerator,%compact%refrigerator%
26,smart_home mirrorless camera,%smart_home%mirrorless%camera%
26,4K blender,%4K%blender%
26,gaming power bank,%gaming%power%bank%
26,professional camera lens,%professional%camera%lens%
26,noise_cancelling SSD,%noise_cancelling%SSD%
26,pro camcorder,%pro%camcorder%
26,4K memory card,%4K%memory%card%
26,all_in_one camera lens,%all_in_one%camera%lens%
26,4K portable heater,%4K%portable%heater%
27,LED mini fridge,%LED%mini%fridge%
27,noise_cancelling electric grill,%noise_cancelling%electric%grill%
27,touch_screen desktop PC,%touch_screen%desktop%PC%
27,touch_screen subwoofer,%touch_screen%subwoofer%
27,compact handheld vacuum,%compact%handheld%vacuum%
27,eco rice cooker,%eco%rice%cooker%
27,energy_saving espresso machine,%energy_saving%espresso%machine%
27,USB_C smart earbuds,%USB_C%smart%earbuds%
27,bluetooth power bank,%bluetooth%power%bank%
27,touch_screen rice cooker,%touch_screen%rice%cooker%
27,eco desktop PC,%eco%desktop%PC%
27,touch_screen blender,%touch_screen%blender%
27,4K juicer,%4K%juicer%
27,high_speed smartwatch,%high_speed%smartwatch%
27,all_in_one electric skillet,%all_in_one%electric%skillet%
28,eco camera bag,%eco%camera%bag%
28,ceiling lamp,%ceiling%lamp%
28,sound system,%sound%system%
28,smart_home digital camera,%smart_home%digital%camera%
28,gaming SSD,%gaming%SSD%
28,pro robot vacuum,%pro%robot%vacuum%
29,noise_cancelling tripod,%noise_cancelling%tripod%
29,touch_screen printer,%touch_screen%printer%
29,all_in_one toaster,%all_in_one%toaster%
29,high_speed mechanical keyboard,%high_speed%mechanical%keyboard%
29,USB_C studio headphones,%USB_C%studio%headphones%
29,advanced smartwatch,%advanced%smartwatch%
29,bluetooth induction cooktop,%bluetooth%induction%cooktop%
29,eco ceiling fan,%eco%ceiling%fan%
29,compact fan,%compact%fan%
29,noise_cancelling microwave oven,%noise_cancelling%microwave%oven%
29,all_in_one camera lens,%all_in_one%camera%lens%
29,bluetooth webcam,%bluetooth%webcam%
30,smart_home espresso machine,%smart_home%espresso%machine%
30,energy_saving QLED TV,%energy_saving%QLED%TV%
30,gaming smoke detector,%gaming%smoke%detector%
30,bluetooth desktop PC,%bluetooth%desktop%PC%
30,noise_cancelling dryer,%noise_cancelling%dryer%
30,USB_C rice cooker,%USB_C%rice%cooker%
30,advanced SSD,%advanced%SSD%
30,bluetooth webcam,%bluetooth%webcam%
30,all_in_one fan,%all_in_one%fan%
30,pro scanner,%pro%scanner%
30,all_in_one game controller,%all_in_one%game%controller%
30,professional bluetooth speaker,%professional%bluetooth%speaker%
30,smart_home fitness tracker,%smart_home%fitness%tracker%
31,high_speed LED lamp,%high_speed%LED%lamp%
31,energy_saving smartwatch,%energy_saving%smartwatch%
31,touch_screen thermostat,%touch_screen%thermostat%
31,sound system,%sound%system%
31,LED electric skillet,%LED%electric%skillet%
31,gaming video doorbell,%gaming%video%doorbell%
31,high_speed desktop PC,%high_speed%desktop%PC%
31,smart_home toaster,%smart_home%toaster%
31,compact SSD,%compact%SSD%
31,water purifier,%water%purifier%
31,noise_cancelling microwave oven,%noise_cancelling%microwave%oven%
31,professional portable charger,%professional%portable%charger%
31,ultra air fryer,%ultra%air%fryer%
31,high_speed electric skillet,%high_speed%electric%skillet%
32,all_in_one convection oven,%all_in_one%convection%oven%
32,LED smart light bulb,%LED%smart%light%bulb%
32,bluetooth convection oven,%bluetooth%convection%oven%
32,pro electric grill,%pro%electric%grill%
32,touch_screen flash drive,%touch_screen%flash%drive%
32,compact SSD,%compact%SSD%
32,black air fryer,%black%air%fryer%
32,eco OLED TV,%eco%OLED%TV%
32,pro tripod,%pro%tripod%
33,noise_cancelling air fryer,%noise_cancelling%air%fryer%
33,eco camera lens,%eco%camera%lens%
33,ultra tripod,%ultra%tripod%
33,smart_home mirrorless camera,%smart_home%mirrorless%camera%
33,smart_home subwoofer,%smart_home%subwoofer%
33,eco laptop,%eco%laptop%
33,eco digital camera,%eco%digital%camera%
33,all_in_one electric skillet,%all_in_one%electric%skillet%
33,black mini fridge,%black%mini%fridge%
33,LED game controller,%LED%game%controller%
33,compact juicer,%compact%juicer%
33,LED ceiling lamp,%LED%ceiling%lamp%
33,LED electric grill,%LED%electric%grill%
34,USB_C camera filter,%USB_C%camera%filter%
34,bluetooth portable heater,%bluetooth%portable%heater%
34,compact 4K TV,%compact%4K%TV%
34,black camera bag,%black%camera%bag%
34,gaming smartwatch,%gaming%smartwatch%
34,4K studio headphones,%4K%studio%headphones%
34,ultra humidifier,%ultra%humidifier%
34,advanced ceiling lamp,%advanced%ceiling%lamp%
34,touch_screen convection oven,%touch_screen%convection%oven%
34,gaming smart light bulb,%gaming%smart%light%bulb%
34,4K camera lens,%4K%camera%lens%
35,energy_saving electric kettle,%energy_saving%electric%kettle%
35,gaming smoke detector,%gaming%smoke%detector%
35,all_in_one mirrorless camera,%all_in_one%mirrorless%camera%
35,noise_cancelling mechanical keyboard,%noise_cancelling%mechanical%keyboard%
35,gaming power bank,%gaming%power%bank%
35,compact SSD,%compact%SSD%
35,black camera filter,%black%camera%filter%
35,pro home theater,%pro%home%theater%
36,energy_saving external hard drive,%energy_saving%external%hard%drive%
36,all_in_one coffee maker,%all_in_one%coffee%maker%
36,smart_home washing machine,%smart_home%washing%machine%
36,LED printer,%LED%printer%
36,bluetooth power bank,%bluetooth%power%bank%
36,energy_saving scanner,%energy_saving%scanner%
36,pro tripod,%pro%tripod%
36,USB_C water purifier,%USB_C%water%purifier%
37,pro convection oven,%pro%convection%oven%
37,LED toaster oven,%LED%toaster%oven%
37,bluetooth blender,%bluetooth%blender%
37,smart_home 4K TV,%smart_home%4K%TV%
37,all_in_one game controller,%all_in_one%game%controller%
37,LED ceiling lamp,%LED%ceiling%lamp%
38,energy_saving ceiling lamp,%energy_saving%ceiling%lamp%
38,smart_home game controller,%smart_home%game%controller%
38,USB_C desk lamp,%USB_C%desk%lamp%
38,gaming refrigerator,%gaming%refrigerator%
38,advanced smartwatch,%advanced%smartwatch%
38,touch_screen smart lock,%touch_screen%smart%lock%
38,all_in_one power bank,%all_in_one%power%bank%
38,pro slow cooker,%pro%slow%cooker%
39,professional desk lamp,%professional%desk%lamp%
39,4K floor lamp,%4K%floor%lamp%
39,bluetooth convection oven,%bluetooth%convection%oven%
39,energy_saving mini fridge,%energy_saving%mini%fridge%
39,energy_saving espresso machine,%energy_saving%espresso%machine%
39,touch_screen smart lock,%touch_screen%smart%lock%
39,black ice maker,%black%ice%maker%
39,4K toaster,%4K%toaster%
40,LED smart light bulb,%LED%smart%light%bulb%
40,professional memory card,%professional%memory%card%
40,compact handheld vacuum,%compact%handheld%vacuum%
40,high_speed desktop PC,%high_speed%desktop%PC%
40,USB_C wireless headphones,%USB_C%wireless%headphones%
40,LED toaster oven,%LED%toaster%oven%
40,4K memory card,%4K%memory%card%
41,4K laptop,%4K%laptop%
41,compact slow cooker,%compact%slow%cooker%
41,ultra power bank,%ultra%power%bank%
41,4K webcam,%4K%webcam%
41,advanced 4K TV,%advanced%4K%TV%
41,gaming air fryer,%gaming%air%fryer%
41,smart_home laptop,%smart_home%laptop%
41,advanced electric grill,%advanced%electric%grill%
41,compact laptop,%compact%laptop%
41,LED toaster oven,%LED%toaster%oven%
41,high_speed soundbar,%high_speed%soundbar%
41,noise_cancelling water purifier,%noise_cancelling%water%purifier%
41,pro home theater,%pro%home%theater%
42,ultra smart light bulb,%ultra%smart%light%bulb%
42,compact ceiling lamp,%compact%ceiling%lamp%
42,high_speed robot vacuum,%high_speed%robot%vacuum%
42,eco electric kettle,%eco%electric%kettle%
42,humidifier,%humidifier%
42,eco gaming headset,%eco%gaming%headset%
42,high_speed electric kettle,%high_speed%electric%kettle%
43,compact security camera,%compact%security%camera%
43,noise_cancelling gaming console,%noise_cancelling%gaming%console%
43,professional wireless headphones,%professional%wireless%headphones%
43,ultra fitness tracker,%ultra%fitness%tracker%
43,professional washing machine,%professional%washing%machine%
43,bluetooth power bank,%bluetooth%power%bank%
43,pro home theater,%pro%home%theater%
43,pro wireless router,%pro%wireless%router%
43,4K juicer,%4K%juicer%
43,noise_cancelling dryer,%noise_cancelling%dryer%
44,4K laptop,%4K%laptop%
44,ultra fitness tracker,%ultra%fitness%tracker%
44,smart_home washing machine,%smart_home%washing%machine%
44,4K smart TV,%4K%smart%TV%
44,pro scanner,%pro%scanner%
45,professional camera bag,%professional%camera%bag%
45,high_speed desk lamp,%high_speed%desk%lamp%
45,bluetooth smart lock,%bluetooth%smart%lock%
45,professional sound system,%professional%sound%system%
45,USB_C flash drive,%USB_C%flash%drive%
45,eco camera bag,%eco%camera%bag%
45,USB_C electric grill,%USB_C%electric%grill%
45,gaming air fryer,%gaming%air%fryer%
45,all_in_one camera lens,%all_in_one%camera%lens%
45,USB_C food processor,%USB_C%food%processor%
45,advanced OLED TV,%advanced%OLED%TV%
45,all_in_one gaming headset,%all_in_one%gaming%headset%
45,energy_saving action camera,%energy_saving%action%camera%
45,professional bluetooth speaker,%professional%bluetooth%speaker%
46,touch_screen mini fridge,%touch_screen%mini%fridge%
46,ultra microwave oven,%ultra%microwave%oven%
46,touch_screen external hard drive,%touch_screen%external%hard%drive%
46,smart_home mirrorless camera,%smart_home%mirrorless%camera%
46,advanced microwave oven,%advanced%microwave%oven%
46,USB_C desk lamp,%USB_C%desk%lamp%
46,energy_saving espresso machine,%energy_saving%espresso%machine%
46,bluetooth food processor,%bluetooth%food%processor%
46,ultra dehumidifier,%ultra%dehumidifier%
47,energy_saving LED TV,%energy_saving%LED%TV%
47,touch_screen OLED TV,%touch_screen%OLED%TV%
47,compact smart lock,%compact%smart%lock%
47,LED mini fridge,%LED%mini%fridge%
47,advanced video doorbell,%advanced%video%doorbell%
47,touch_screen subwoofer,%touch_screen%subwoofer%
47,advanced smartwatch,%advanced%smartwatch%
47,4K smart TV,%4K%smart%TV%
47,gaming air purifier,%gaming%air%purifier%
47,smart_home portable heater,%smart_home%portable%heater%
47,smart_home camera lens,%smart_home%camera%lens%
47,bluetooth speaker,%bluetooth%speaker%
47,touch_screen camcorder,%touch_screen%camcorder%
47,bluetooth wireless router,%bluetooth%wireless%router%
48,all_in_one smartwatch,%all_in_one%smartwatch%
48,high_speed ice maker,%high_speed%ice%maker%
48,all_in_one convection oven,%all_in_one%convection%oven%
48,touch_screen QLED TV,%touch_screen%QLED%TV%
48,4K ceiling lamp,%4K%ceiling%lamp%
48,smart_home washing machine,%smart_home%washing%machine%
48,ultra coffee maker,%ultra%coffee%maker%
48,eco blender,%eco%blender%
48,bluetooth desk lamp,%bluetooth%desk%lamp%
48,advanced vacuum cleaner,%advanced%vacuum%cleaner%
48,noise_cancelling OLED TV,%noise_cancelling%OLED%TV%
48,professional webcam,%professional%webcam%
48,professional smart TV,%professional%smart%TV%
49,bluetooth mechanical keyboard,%bluetooth%mechanical%keyboard%
49,compact security camera,%compact%security%camera%
49,all_in_one home theater,%all_in_one%home%theater%
49,all_in_one coffee maker,%all_in_one%coffee%maker%
49,professional camera lens,%professional%camera%lens%
49,thermostat,%thermostat%
49,compact SSD,%compact%SSD%
49,pro camcorder,%pro%camcorder%
49,compact fan,%compact%fan%
49,touch_screen smoke detector,%touch_screen%smoke%detector%
49,bluetooth LED lamp,%bluetooth%LED%lamp%
49,high_speed electric kettle,%high_speed%electric%kettle%
50,USB_C humidifier,%USB_C%humidifier%
50,bluetooth portable heater,%bluetooth%portable%heater%
50,eco smart home hub,%eco%smart%home%hub%
50,portable charger,%portable%charger%
50,pro camera lens,%pro%camera%lens%
50,eco LED TV,%eco%LED%TV%
50,advanced wireless headphones,%advanced%wireless%headphones%
50,4K digital camera,%4K%digital%camera%
50,high_speed sound system,%high_speed%sound%system%
50,compact fan,%compact%fan%
50,bluetooth smart light bulb,%bluetooth%smart%light%bulb%
50,energy_saving food processor,%energy_saving%food%processor%
50,bluetooth webcam,%bluetooth%webcam%
50,USB_C smart earbuds,%USB_C%smart%earbuds%
50,high_speed electric skillet,%high_speed%electric%skillet%
51,noise_cancelling food processor,%noise_cancelling%food%processor%
51,touch_screen external hard drive,%touch_screen%external%hard%drive%
51,bluetooth humidifier,%bluetooth%humidifier%
51,energy_saving mini fridge,%energy_saving%mini%fridge%
51,noise_cancelling smart home hub,%noise_cancelling%smart%home%hub%
51,black coffee maker,%black%coffee%maker%
52,gaming digital camera,%gaming%digital%camera%
52,LED electric skillet,%LED%electric%skillet%
52,touch_screen sound system,%touch_screen%sound%system%
52,advanced smartwatch,%advanced%smartwatch%
52,black gaming headset,%black%gaming%headset%
52,black dehumidifier,%black%dehumidifier%
53,ultra laptop,%ultra%laptop%
53,QLED TV,%QLED%TV%
53,eco camera bag,%eco%camera%bag%
53,advanced microwave oven,%advanced%microwave%oven%
53,LED electric skillet,%LED%electric%skillet%
53,professional camera lens,%professional%camera%lens%
53,compact tripod,%compact%tripod%
53,black tablet,%black%tablet%
53,bluetooth LED lamp,%bluetooth%LED%lamp%
54,4K tripod,%4K%tripod%
54,bluetooth smart lock,%bluetooth%smart%lock%
54,LED dryer,%LED%dryer%
54,ultra smartwatch,%ultra%smartwatch%
54,4K thermostat,%4K%thermostat%
54,eco electric kettle,%eco%electric%kettle%
54,smart_home toaster oven,%smart_home%toaster%oven%
54,high_speed gaming headset,%high_speed%gaming%headset%
54,water purifier,%water%purifier%
55,energy_saving external hard drive,%energy_saving%external%hard%drive%
55,advanced video doorbell,%advanced%video%doorbell%
55,advanced microwave oven,%advanced%microwave%oven%
55,energy_saving espresso machine,%energy_saving%espresso%machine%
55,eco espresso machine,%eco%espresso%machine%
55,bluetooth power bank,%bluetooth%power%bank%
55,noise_cancelling handheld vacuum,%noise_cancelling%handheld%vacuum%
55,electric grill,%electric%grill%
56,USB_C gaming console,%USB_C%gaming%console%
56,touch_screen external hard drive,%touch_screen%external%hard%drive%
56,noise_cancelling studio headphones,%noise_cancelling%studio%headphones%
56,professional vacuum cleaner,%professional%vacuum%cleaner%
56,USB_C desk lamp,%USB_C%desk%lamp%
56,high_speed scanner,%high_speed%scanner%
56,professional camera lens,%professional%camera%lens%
56,USB_C food processor,%USB_C%food%processor%
56,eco induction cooktop,%eco%induction%cooktop%
56,all_in_one electric grill,%all_in_one%electric%grill%
56,professional smart TV,%professional%smart%TV%
56,compact refrigerator,%compact%refrigerator%
56,touch_screen OLED TV,%touch_screen%OLED%TV%
57,touch_screen OLED TV,%touch_screen%OLED%TV%
57,all_in_one convection oven,%all_in_one%convection%oven%
57,LED TV,%LED%TV%
57,eco studio headphones,%eco%studio%headphones%
57,all_in_one camera bag,%all_in_one%camera%bag%
57,black mini fridge,%black%mini%fridge%
57,USB_C juicer,%USB_C%juicer%
57,4K digital camera,%4K%digital%camera%
57,air fryer,%air%fryer%
57,gaming air purifier,%gaming%air%purifier%
57,noise_cancelling SSD,%noise_cancelling%SSD%
57,gaming smoke detector,%gaming%smoke%detector%
57,4K smart home hub,%4K%smart%home%hub%
58,LED mini fridge,%LED%mini%fridge%
58,professional wireless headphones,%professional%wireless%headphones%
58,noise_cancelling LED lamp,%noise_cancelling%LED%lamp%
58,professional thermostat,%professional%thermostat%
58,pro tripod,%pro%tripod%
58,energy_saving scanner,%energy_saving%scanner%
58,USB_C espresso machine,%USB_C%espresso%machine%
58,touch_screen OLED TV,%touch_screen%OLED%TV%
59,noise_cancelling air fryer,%noise_cancelling%air%fryer%
59,LED tripod,%LED%tripod%
59,USB_C subwoofer,%USB_C%subwoofer%
59,high_speed camera lens,%high_speed%camera%lens%
59,compact handheld vacuum,%compact%handheld%vacuum%
59,LED printer,%LED%printer%
59,ultra humidifier,%ultra%humidifier%
59,energy_saving smartwatch,%energy_saving%smartwatch%
59,noise_cancelling wireless headphones,%noise_cancelling%wireless%headphones%
60,black QLED TV,%black%QLED%TV%
60,energy_saving food processor,%energy_saving%food%processor%
60,professional flash drive,%professional%flash%drive%
60,advanced mirrorless camera,%advanced%mirrorless%camera%
60,pro humidifier,%pro%humidifier%
60,smart_home tripod,%smart_home%tripod%
60,noise_cancelling smart home hub,%noise_cancelling%smart%home%hub%
60,eco dryer,%eco%dryer%
60,LED printer,%LED%printer%
60,smart_home portable heater,%smart_home%portable%heater%
60,bluetooth smart light bulb,%bluetooth%smart%light%bulb%
60,compact juicer,%compact%juicer%
60,USB_C desktop PC,%USB_C%desktop%PC%
60,pro slow cooker,%pro%slow%cooker%
61,4K soundbar,%4K%soundbar%
61,professional smart scale,%professional%smart%scale%
61,pro camera lens,%pro%camera%lens%
61,high_speed portable charger,%high_speed%portable%charger%
61,energy_saving air fryer,%energy_saving%air%fryer%
61,black external hard drive,%black%external%hard%drive%
61,compact rice cooker,%compact%rice%cooker%
61,microphone,%microphone%
62,4K laptop,%4K%laptop%
62,advanced dryer,%advanced%dryer%
62,touch_screen external hard drive,%touch_screen%external%hard%drive%
62,USB_C convection oven,%USB_C%convection%oven%
62,advanced 4K TV,%advanced%4K%TV%
62,4K desktop PC,%4K%desktop%PC%
62,eco studio headphones,%eco%studio%headphones%
62,bluetooth desktop PC,%bluetooth%desktop%PC%
62,professional washing machine,%professional%washing%machine%
62,USB_C smart earbuds,%USB_C%smart%earbuds%
62,gaming mouse,%gaming%mouse%
62,compact wireless router,%compact%wireless%router%
62,noise_cancelling dishwasher,%noise_cancelling%dishwasher%
62,professional electric kettle,%professional%electric%kettle%
63,noise_cancelling gaming mouse,%noise_cancelling%gaming%mouse%
63,professional camera bag,%professional%camera%bag%
63,touch_screen subwoofer,%touch_screen%subwoofer%
63,advanced dishwasher,%advanced%dishwasher%
63,professional webcam,%professional%webcam%
63,ultra electric grill,%ultra%electric%grill%
63,ultra humidifier,%ultra%humidifier%
63,ultra espresso machine,%ultra%espresso%machine%
63,noise_cancelling water purifier,%noise_cancelling%water%purifier%
63,high_speed sound system,%high_speed%sound%system%
63,smart_home video doorbell,%smart_home%video%doorbell%
64,energy_saving LED TV,%energy_saving%LED%TV%
64,bluetooth refrigerator,%bluetooth%refrigerator%
64,4K laptop,%4K%laptop%
64,smart_home espresso machine,%smart_home%espresso%machine%
64,4K video doorbell,%4K%video%doorbell%
64,gaming air fryer,%gaming%air%fryer%
64,noise_cancelling mechanical keyboard,%noise_cancelling%mechanical%keyboard%
64,USB_C portable heater,%USB_C%portable%heater%
64,compact laptop,%compact%laptop%
65,bluetooth security camera,%bluetooth%security%camera%
65,high_speed desk lamp,%high_speed%desk%lamp%
65,USB_C convection oven,%USB_C%convection%oven%
65,pro humidifier,%pro%humidifier%
65,high_speed smoke detector,%high_speed%smoke%detector%
65,advanced smartwatch,%advanced%smartwatch%
65,ultra wireless router,%ultra%wireless%router%
65,black dehumidifier,%black%dehumidifier%
65,advanced electric grill,%advanced%electric%grill%
65,eco flash drive,%eco%flash%drive%
65,compact fan,%compact%fan%
65,advanced ceiling lamp,%advanced%ceiling%lamp%
65,all_in_one game controller,%all_in_one%game%controller%
65,bluetooth mirrorless camera,%bluetooth%mirrorless%camera%
65,professional electric kettle,%professional%electric%kettle%
66,bluetooth refrigerator,%bluetooth%refrigerator%
66,smart_home slow cooker,%smart_home%slow%cooker%
66,high_speed external hard drive,%high_speed%external%hard%drive%
66,touch_screen thermostat,%touch_screen%thermostat%
66,professional humidifier,%professional%humidifier%
66,all_in_one tablet,%all_in_one%tablet%
66,pro portable charger,%pro%portable%charger%
66,professional slow cooker,%professional%slow%cooker%
66,professional washing machine,%professional%washing%machine%
66,touch_screen gaming console,%touch_screen%gaming%console%
66,ultra convection oven,%ultra%convection%oven%
66,eco smart scale,%eco%smart%scale%
66,LED smart scale,%LED%smart%scale%
67,ultra laptop,%ultra%laptop%
67,professional memory card,%professional%memory%card%
67,smart_home digital camera,%smart_home%digital%camera%
67,touch_screen video doorbell,%touch_screen%video%doorbell%
67,eco espresso machine,%eco%espresso%machine%
68,bluetooth refrigerator,%bluetooth%refrigerator%
68,touch_screen thermostat,%touch_screen%thermostat%
68,energy_saving external hard drive,%energy_saving%external%hard%drive%
68,USB_C LED lamp,%USB_C%LED%lamp%
68,4K desktop PC,%4K%desktop%PC%
68,touch_screen desktop PC,%touch_screen%desktop%PC%
68,soundbar,%soundbar%
68,smart_home laptop,%smart_home%laptop%
68,touch_screen smart lock,%touch_screen%smart%lock%
68,gaming webcam,%gaming%webcam%
68,4K espresso machine,%4K%espresso%machine%
68,4K juicer,%4K%juicer%
68,noise_cancelling air purifier,%noise_cancelling%air%purifier%
69,smart_home espresso machine,%smart_home%espresso%machine%
69,USB_C camera filter,%USB_C%camera%filter%
69,gaming smoke detector,%gaming%smoke%detector%
69,professional studio headphones,%professional%studio%headphones%
69,touch_screen desktop PC,%touch_screen%desktop%PC%
69,ultra wireless router,%ultra%wireless%router%
69,touch_screen memory card,%touch_screen%memory%card%
69,electric grill,%electric%grill%
69,bluetooth electric kettle,%bluetooth%electric%kettle%
69,LED camera filter,%LED%camera%filter%
70,smart_home espresso machine,%smart_home%espresso%machine%
70,compact smart light bulb,%compact%smart%light%bulb%
70,bluetooth smart light bulb,%bluetooth%smart%light%bulb%
70,energy_saving food processor,%energy_saving%food%processor%
70,4K projector,%4K%projector%
70,energy_saving subwoofer,%energy_saving%subwoofer%
70,high_speed desktop PC,%high_speed%desktop%PC%
70,eco SSD,%eco%SSD%
70,bluetooth blender,%bluetooth%blender%
70,smart_home water purifier,%smart_home%water%purifier%
70,noise_cancelling wireless headphones,%noise_cancelling%wireless%headphones%
70,LED smart scale,%LED%smart%scale%
70,USB_C desktop PC,%USB_C%desktop%PC%
70,smart_home video doorbell,%smart_home%video%doorbell%
71,noise_cancelling gaming console,%noise_cancelling%gaming%console%
71,black camera bag,%black%camera%bag%
71,coffee maker,%coffee%maker%
71,energy_saving juicer,%energy_saving%juicer%
71,professional slow cooker,%professional%slow%cooker%
71,black laptop,%black%laptop%
71,portable charger,%portable%charger%
72,high_speed scanner,%high_speed%scanner%
72,high_speed camera bag,%high_speed%camera%bag%
72,compact smartwatch,%compact%smartwatch%
72,touch_screen video doorbell,%touch_screen%video%doorbell%
72,eco laptop,%eco%laptop%
72,black dehumidifier,%black%dehumidifier%
72,bluetooth LED lamp,%bluetooth%LED%lamp%
73,advanced refrigerator,%advanced%refrigerator%
73,compact smart lock,%compact%smart%lock%
73,black camera bag,%black%camera%bag%
73,advanced rice cooker,%advanced%rice%cooker%
73,pro washing machine,%pro%washing%machine%
73,LED smart earbuds,%LED%smart%earbuds%
73,black game controller,%black%game%controller%
73,microphone,%microphone%
73,compact tripod,%compact%tripod%
73,compact juicer,%compact%juicer%
73,professional portable charger,%professional%portable%charger%
73,ultra air fryer,%ultra%air%fryer%
73,smart_home video doorbell,%smart_home%video%doorbell%
74,pro external hard drive,%pro%external%hard%drive%
74,4K floor lamp,%4K%floor%lamp%
74,high_speed scanner,%high_speed%scanner%
74,noise_cancelling smart home hub,%noise_cancelling%smart%home%hub%
74,eco tripod,%eco%tripod%
74,noise_cancelling dehumidifier,%noise_cancelling%dehumidifier%
74,black dehumidifier,%black%dehumidifier%
74,smart_home video doorbell,%smart_home%video%doorbell%
74,4K espresso machine,%4K%espresso%machine%
75,compact security camera,%compact%security%camera%
75,4K floor lamp,%4K%floor%lamp%
75,USB_C electric skillet,%USB_C%electric%skillet%
75,energy_saving mirrorless camera,%energy_saving%mirrorless%camera%
75,gaming LED lamp,%gaming%LED%lamp%
75,high_speed scanner,%high_speed%scanner%
75,energy_saving juicer,%energy_saving%juicer%
75,advanced smart light bulb,%advanced%smart%light%bulb%
75,advanced wireless headphones,%advanced%wireless%headphones%
75,eco electric kettle,%eco%electric%kettle%
75,compact rice cooker,%compact%rice%cooker%
75,professional dehumidifier,%professional%dehumidifier%
75,USB_C espresso machine,%USB_C%espresso%machine%
76,compact smart light bulb,%compact%smart%light%bulb%
76,high_speed rice cooker,%high_speed%rice%cooker%
76,ultra microwave oven,%ultra%microwave%oven%
76,4K camera lens,%4K%camera%lens%
76,USB_C convection oven,%USB_C%convection%oven%
76,pro electric grill,%pro%electric%grill%
76,USB_C portable charger,%USB_C%portable%charger%
76,LED smart earbuds,%LED%smart%earbuds%
76,LED toaster oven,%LED%toaster%oven%
76,smart_home camera lens,%smart_home%camera%lens%
76,noise_cancelling air purifier,%noise_cancelling%air%purifier%
76,scanner,%scanner%
77,pro external hard drive,%pro%external%hard%drive%
77,energy_saving electric skillet,%energy_saving%electric%skillet%
77,USB_C humidifier,%USB_C%humidifier%
77,smart_home slow cooker,%smart_home%slow%cooker%
77,4K QLED TV,%4K%QLED%TV%
77,4K gaming mouse,%4K%gaming%mouse%
77,ultra rice cooker,%ultra%rice%cooker%
77,noise_cancelling LED lamp,%noise_cancelling%LED%lamp%
77,eco desktop PC,%eco%desktop%PC%
77,energy_saving washing machine,%energy_saving%washing%machine%
77,eco camera filter,%eco%camera%filter%
77,eco induction cooktop,%eco%induction%cooktop%
77,all_in_one fan,%all_in_one%fan%
77,ultra espresso machine,%ultra%espresso%machine%
77,compact juicer,%compact%juicer%
78,noise_cancelling gaming mouse,%noise_cancelling%gaming%mouse%
78,4K smart lock,%4K%smart%lock%
78,high_speed gaming console,%high_speed%gaming%console%
78,smart_home mirrorless camera,%smart_home%mirrorless%camera%
78,advanced smoke detector,%advanced%smoke%detector%
78,USB_C rice cooker,%USB_C%rice%cooker%
78,eco gaming headset,%eco%gaming%headset%
78,energy_saving slow cooker,%energy_saving%slow%cooker%
78,food processor,%food%processor%
78,high_speed power bank,%high_speed%power%bank%
78,pro robot vacuum,%pro%robot%vacuum%
79,bluetooth security camera,%bluetooth%security%camera%
79,advanced air purifier,%advanced%air%purifier%
79,energy_saving microphone,%energy_saving%microphone%
79,gaming SSD,%gaming%SSD%
79,high_speed LED TV,%high_speed%LED%TV%
79,professional washing machine,%professional%washing%machine%
79,all_in_one game controller,%all_in_one%game%controller%
79,professional electric kettle,%professional%electric%kettle%
79,4K smart home hub,%4K%smart%home%hub%
80,advanced refrigerator,%advanced%refrigerator%
80,USB_C electric skillet,%USB_C%electric%skillet%
80,bluetooth humidifier,%bluetooth%humidifier%
80,high_speed camera bag,%high_speed%camera%bag%
80,smart_home subwoofer,%smart_home%subwoofer%
80,4K memory card,%4K%memory%card%
80,high_speed power bank,%high_speed%power%bank%
81,noise_cancelling air fryer,%noise_cancelling%air%fryer%
81,advanced refrigerator,%advanced%refrigerator%
81,black camera bag,%black%camera%bag%
81,ultra studio headphones,%ultra%studio%headphones%
81,touch_screen soundbar,%touch_screen%soundbar%
81,USB_C juicer,%USB_C%juicer%
81,eco blender,%eco%blender%
82,gaming digital camera,%gaming%digital%camera%
82,bluetooth portable heater,%bluetooth%portable%heater%
82,compact ceiling lamp,%compact%ceiling%lamp%
82,advanced 4K TV,%advanced%4K%TV%
82,compact washing machine,%compact%washing%machine%
82,gaming smartwatch,%gaming%smartwatch%
82,bluetooth desktop PC,%bluetooth%desktop%PC%
82,noise_cancelling SSD,%noise_cancelling%SSD%
82,black coffee maker,%black%coffee%maker%
82,USB_C power bank,%USB_C%power%bank%
82,professional toaster oven,%professional%toaster%oven%
83,4K webcam,%4K%webcam%
83,smart_home power bank,%smart_home%power%bank%
83,USB_C electric grill,%USB_C%electric%grill%
83,touch_screen gaming console,%touch_screen%gaming%console%
83,digital camera,%digital%camera%
83,smart_home air fryer,%smart_home%air%fryer%
83,4K mirrorless camera,%4K%mirrorless%camera%
83,all_in_one desk lamp,%all_in_one%desk%lamp%
83,compact tripod,%compact%tripod%
83,smart_home fitness tracker,%smart_home%fitness%tracker%
84,high_speed slow cooker,%high_speed%slow%cooker%
84,energy_saving electric kettle,%energy_saving%electric%kettle%
84,USB_C camcorder,%USB_C%camcorder%
84,high_speed scanner,%high_speed%scanner%
84,compact smartwatch,%compact%smartwatch%
84,professional washing machine,%professional%washing%machine%
84,professional thermostat,%professional%thermostat%
84,USB_C juicer,%USB_C%juicer%
84,eco tripod,%eco%tripod%
85,LED external hard drive,%LED%external%hard%drive%
85,noise_cancelling gaming console,%noise_cancelling%gaming%console%
85,high_speed memory card,%high_speed%memory%card%
85,pro portable charger,%pro%portable%charger%
85,compact camera filter,%compact%camera%filter%
85,ultra smartwatch,%ultra%smartwatch%
85,black game controller,%black%game%controller%
85,all_in_one power bank,%all_in_one%power%bank%
85,pro slow cooker,%pro%slow%cooker%
85,USB_C rice cooker,%USB_C%rice%cooker%
86,noise_cancelling food processor,%noise_cancelling%food%processor%
86,high_speed mechanical keyboard,%high_speed%mechanical%keyboard%
86,bluetooth humidifier,%bluetooth%humidifier%
86,energy_saving juicer,%energy_saving%juicer%
86,ultra humidifier,%ultra%humidifier%
86,compact camera filter,%compact%camera%filter%
86,all_in_one studio headphones,%all_in_one%studio%headphones%
86,black mini fridge,%black%mini%fridge%
86,black ice maker,%black%ice%maker%
86,high_speed gaming headset,%high_speed%gaming%headset%
86,LED smart scale,%LED%smart%scale%
86,high_speed smartwatch,%high_speed%smartwatch%
87,touch_screen toaster,%touch_screen%toaster%
87,eco camera lens,%eco%camera%lens%
87,LED TV,%LED%TV%
87,compact vacuum cleaner,%compact%vacuum%cleaner%
87,refrigerator,%refrigerator%
87,ultra wireless router,%ultra%wireless%router%
87,eco scanner,%eco%scanner%
87,noise_cancelling action camera,%noise_cancelling%action%camera%
87,advanced vacuum cleaner,%advanced%vacuum%cleaner%
87,all_in_one fitness tracker,%all_in_one%fitness%tracker%
87,4K espresso machine,%4K%espresso%machine%
87,all_in_one power bank,%all_in_one%power%bank%
87,ultra air fryer,%ultra%air%fryer%
87,noise_cancelling air purifier,%noise_cancelling%air%purifier%
88,pro external hard drive,%pro%external%hard%drive%
88,high_speed desk lamp,%high_speed%desk%lamp%
88,USB_C electric grill,%USB_C%electric%grill%
88,eco studio headphones,%eco%studio%headphones%
88,LED microwave oven,%LED%microwave%oven%
88,professional webcam,%professional%webcam%
89,USB_C humidifier,%USB_C%humidifier%
89,LED mirrorless camera,%LED%mirrorless%camera%
89,ultra smart lock,%ultra%smart%lock%
89,bluetooth gaming console,%bluetooth%gaming%console%
89,all_in_one electric grill,%all_in_one%electric%grill%
89,all_in_one smart scale,%all_in_one%smart%scale%
89,compact flash drive,%compact%flash%drive%
89,all_in_one fan,%all_in_one%fan%
89,bluetooth smart light bulb,%bluetooth%smart%light%bulb%
89,bluetooth electric kettle,%bluetooth%electric%kettle%
89,LED portable charger,%LED%portable%charger%
89,advanced webcam,%advanced%webcam%
90,gaming smart light bulb,%gaming%smart%light%bulb%
90,bluetooth refrigerator,%bluetooth%refrigerator%
90,high_speed electric skillet,%high_speed%electric%skillet%
90,high_speed ice maker,%high_speed%ice%maker%
90,advanced dryer,%advanced%dryer%
90,bluetooth electric kettle,%bluetooth%electric%kettle%
90,ultra mini fridge,%ultra%mini%fridge%
90,touch_screen gaming console,%touch_screen%gaming%console%
90,LED electric grill,%LED%electric%grill%
90,eco rice cooker,%eco%rice%cooker%
90,compact flash drive,%compact%flash%drive%
90,touch_screen convection oven,%touch_screen%convection%oven%
90,bluetooth mirrorless camera,%bluetooth%mirrorless%camera%
90,USB_C water purifier,%USB_C%water%purifier%
91,bluetooth humidifier,%bluetooth%humidifier%
91,energy_saving vacuum cleaner,%energy_saving%vacuum%cleaner%
91,professional studio headphones,%professional%studio%headphones%
91,ultra tripod,%ultra%tripod%
91,noise_cancelling water purifier,%noise_cancelling%water%purifier%
91,USB_C blender,%USB_C%blender%
91,eco digital camera,%eco%digital%camera%
91,black game controller,%black%game%controller%
91,USB_C espresso machine,%USB_C%espresso%machine%
91,touch_screen smoke detector,%touch_screen%smoke%detector%
91,all_in_one electric skillet,%all_in_one%electric%skillet%
92,4K laptop,%4K%laptop%
92,USB_C LED lamp,%USB_C%LED%lamp%
92,ultra fitness tracker,%ultra%fitness%tracker%
92,ultra wireless router,%ultra%wireless%router%
92,black gaming headset,%black%gaming%headset%
93,high_speed desk lamp,%high_speed%desk%lamp%
93,black desk lamp,%black%desk%lamp%
93,pro camera lens,%pro%camera%lens%
93,pro portable charger,%pro%portable%charger%
93,ultra camera bag,%ultra%camera%bag%
94,bluetooth portable heater,%bluetooth%portable%heater%
94,high_speed mechanical keyboard,%high_speed%mechanical%keyboard%
94,bluetooth desktop PC,%bluetooth%desktop%PC%
94,compact flash drive,%compact%flash%drive%
94,smart_home water purifier,%smart_home%water%purifier%
95,energy_saving electric skillet,%energy_saving%electric%skillet%
95,pro microwave oven,%pro%microwave%oven%
95,4K webcam,%4K%webcam%
95,noise_cancelling electric grill,%noise_cancelling%electric%grill%
95,USB_C camcorder,%USB_C%camcorder%
95,high_speed camera lens,%high_speed%camera%lens%
95,compact laptop,%compact%laptop%
95,ultra wireless router,%ultra%wireless%router%
95,gaming mouse,%gaming%mouse%
95,eco desktop PC,%eco%desktop%PC%
95,air fryer,%air%fryer%
95,energy_saving food processor,%energy_saving%food%processor%
95,eco portable heater,%eco%portable%heater%
96,4K tripod,%4K%tripod%
96,compact slow cooker,%compact%slow%cooker%
96,high_speed fan,%high_speed%fan%
96,4K laptop,%4K%laptop%
96,eco studio headphones,%eco%studio%headphones%
96,compact camera filter,%compact%camera%filter%
96,eco portable charger,%eco%portable%charger%
96,professional portable charger,%professional%portable%charger%
96,LED smart earbuds,%LED%smart%earbuds%
96,all_in_one electric grill,%all_in_one%electric%grill%
96,eco ceiling fan,%eco%ceiling%fan%
96,black camera filter,%black%camera%filter%
97,QLED TV,%QLED%TV%
97,ultra camcorder,%ultra%camcorder%
97,gaming smoke detector,%gaming%smoke%detector%
97,LED soundbar,%LED%soundbar%
97,compact rice cooker,%compact%rice%cooker%
97,4K humidifier,%4K%humidifier%
97,noise_cancelling air purifier,%noise_cancelling%air%purifier%
98,USB_C convection oven,%USB_C%convection%oven%
98,eco LED TV,%eco%LED%TV%
98,smartwatch,%smartwatch%
98,eco laptop,%eco%laptop%
98,black ice maker,%black%ice%maker%
98,black juicer,%black%juicer%
98,smart_home camera lens,%smart_home%camera%lens%
98,USB_C smart earbuds,%USB_C%smart%earbuds%
99,energy_saving vacuum cleaner,%energy_saving%vacuum%cleaner%
99,professional studio headphones,%professional%studio%headphones%
99,professional power bank,%professional%power%bank%
99,high_speed scanner,%high_speed%scanner%
99,ultra studio headphones,%ultra%studio%headphones%
99,compact smartwatch,%compact%smartwatch%
99,ultra air fryer,%ultra%air%fryer%
99,bluetooth gaming console,%bluetooth%gaming%console%
99,compact wireless router,%compact%wireless%router%
99,ultra espresso machine,%ultra%espresso%machine%
99,advanced dishwasher,%advanced%dishwasher%
99,professional bluetooth speaker,%professional%bluetooth%speaker%
99,smoke detector,%smoke%detector%
99,USB_C rice cooker,%USB_C%rice%cooker%
100,USB_C flash drive,%USB_C%flash%drive%
100,LED soundbar,%LED%soundbar%
100,energy_saving ceiling lamp,%energy_saving%ceiling%lamp%
100,ultra tripod,%ultra%tripod%
100,energy_saving mini fridge,%energy_saving%mini%fridge%
100,smart_home toaster,%smart_home%toaster%
100,eco desktop PC,%eco%desktop%PC%
100,4K SSD,%4K%SSD%
100,ultra electric grill,%ultra%electric%grill%
100,energy_saving flash drive,%energy_saving%flash%drive%
100,all_in_one fitness tracker,%all_in_one%fitness%tracker%
100,4K camera lens,%4K%camera%lens%
101,professional desk lamp,%professional%desk%lamp%
101,compact security camera,%compact%security%camera%
101,gaming console,%gaming%console%
101,gaming digital camera,%gaming%digital%camera%
101,LED soundbar,%LED%soundbar%
101,pro external hard drive,%pro%external%hard%drive%
101,eco LED TV,%eco%LED%TV%
101,USB_C camcorder,%USB_C%camcorder%
101,black laptop,%black%laptop%
101,4K memory card,%4K%memory%card%
101,high_speed humidifier,%high_speed%humidifier%
101,noise_cancelling air purifier,%noise_cancelling%air%purifier%
102,noise_cancelling air fryer,%noise_cancelling%air%fryer%
102,LED smart TV,%LED%smart%TV%
102,black desk lamp,%black%desk%lamp%
102,pro QLED TV,%pro%QLED%TV%
102,energy_saving fan,%energy_saving%fan%
102,energy_saving slow cooker,%energy_saving%slow%cooker%
102,gaming power bank,%gaming%power%bank%
102,noise_cancelling LED lamp,%noise_cancelling%LED%lamp%
102,eco food processor,%eco%food%processor%
102,eco blender,%eco%blender%
102,smart_home 4K TV,%smart_home%4K%TV%
102,4K espresso machine,%4K%espresso%machine%
102,smart_home video doorbell,%smart_home%video%doorbell%
102,smart_home fitness tracker,%smart_home%fitness%tracker%
103,advanced air purifier,%advanced%air%purifier%
103,high_speed mechanical keyboard,%high_speed%mechanical%keyboard%
103,professional smart scale,%professional%smart%scale%
103,LED printer,%LED%printer%
103,eco soundbar,%eco%soundbar%
103,touch_screen floor lamp,%touch_screen%floor%lamp%
103,pro SSD,%pro%SSD%
103,eco smart home hub,%eco%smart%home%hub%
103,smart_home video doorbell,%smart_home%video%doorbell%
103,4K espresso machine,%4K%espresso%machine%
104,noise_cancelling gaming mouse,%noise_cancelling%gaming%mouse%
104,high_speed LED lamp,%high_speed%LED%lamp%
104,4K video doorbell,%4K%video%doorbell%
104,bluetooth convection oven,%bluetooth%convection%oven%
104,high_speed flash drive,%high_speed%flash%drive%
104,high_speed memory card,%high_speed%memory%card%
104,noise_cancelling electric grill,%noise_cancelling%electric%grill%
104,gaming air fryer,%gaming%air%fryer%
104,ultra fitness tracker,%ultra%fitness%tracker%
104,ultra studio headphones,%ultra%studio%headphones%
104,all_in_one home theater,%all_in_one%home%theater%
104,touch_screen blender,%touch_screen%blender%
104,all_in_one camera lens,%all_in_one%camera%lens%
104,pro portable heater,%pro%portable%heater%
104,4K TV,%4K%TV%
105,noise_cancelling food processor,%noise_cancelling%food%processor%
105,professional camera bag,%professional%camera%bag%
105,gaming wireless headphones,%gaming%wireless%headphones%
105,smart_home power bank,%smart_home%power%bank%
105,4K ice maker,%4K%ice%maker%
105,smart_home laptop,%smart_home%laptop%
105,touch_screen soundbar,%touch_screen%soundbar%
105,touch_screen food processor,%touch_screen%food%processor%
105,touch_screen smoke detector,%touch_screen%smoke%detector%
105,pro ceiling fan,%pro%ceiling%fan%
105,professional electric kettle,%professional%electric%kettle%
106,4K laptop,%4K%laptop%
106,pro washing machine,%pro%washing%machine%
106,ultra external hard drive,%ultra%external%hard%drive%
106,black juicer,%black%juicer%
106,eco smart scale,%eco%smart%scale%
106,USB_C desktop PC,%USB_C%desktop%PC%
106,pro wireless router,%pro%wireless%router%
107,4K soundbar,%4K%soundbar%
107,compact OLED TV,%compact%OLED%TV%
107,ultra security camera,%ultra%security%camera%
107,bluetooth fan,%bluetooth%fan%
107,USB_C wireless headphones,%USB_C%wireless%headphones%
107,LED smart earbuds,%LED%smart%earbuds%
107,bluetooth induction cooktop,%bluetooth%induction%cooktop%
107,touch_screen floor lamp,%touch_screen%floor%lamp%
107,smart_home air fryer,%smart_home%air%fryer%
107,professional dehumidifier,%professional%dehumidifier%
107,energy_saving smartwatch,%energy_saving%smartwatch%
107,professional food processor,%professional%food%processor%
108,all_in_one smartwatch,%all_in_one%smartwatch%
108,USB_C humidifier,%USB_C%humidifier%
108,smart_home toaster,%smart_home%toaster%
108,pro tripod,%pro%tripod%
108,smart_home camera lens,%smart_home%camera%lens%
109,LED mini fridge,%LED%mini%fridge%
109,noise_cancelling video doorbell,%noise_cancelling%video%doorbell%
109,energy_saving microphone,%energy_saving%microphone%
109,compact tripod,%compact%tripod%
109,4K air purifier,%4K%air%purifier%
109,noise_cancelling flash drive,%noise_cancelling%flash%drive%
110,compact slow cooker,%compact%slow%cooker%
110,ultra dehumidifier,%ultra%dehumidifier%
110,4K QLED TV,%4K%QLED%TV%
110,professional camera lens,%professional%camera%lens%
110,noise_cancelling action camera,%noise_cancelling%action%camera%
110,smart_home camera filter,%smart_home%camera%filter%
110,eco smart home hub,%eco%smart%home%hub%
110,bluetooth speaker,%bluetooth%speaker%
110,noise_cancelling air purifier,%noise_cancelling%air%purifier%
111,4K tripod,%4K%tripod%
111,4K game controller,%4K%game%controller%
111,energy_saving microphone,%energy_saving%microphone%
111,4K QLED TV,%4K%QLED%TV%
111,eco fitness tracker,%eco%fitness%tracker%
111,energy_saving slow cooker,%energy_saving%slow%cooker%
111,energy_saving espresso machine,%energy_saving%espresso%machine%
111,touch_screen memory card,%touch_screen%memory%card%
111,portable charger,%portable%charger%
111,high_speed humidifier,%high_speed%humidifier%
111,smart_home smoke detector,%smart_home%smoke%detector%
111,LED mirrorless camera,%LED%mirrorless%camera%
111,noise_cancelling air purifier,%noise_cancelling%air%purifier%
112,professional desk lamp,%professional%desk%lamp%
112,USB_C studio headphones,%USB_C%studio%headphones%
112,advanced smart earbuds,%advanced%smart%earbuds%
112,professional slow cooker,%professional%slow%cooker%
112,ultra convection oven,%ultra%convection%oven%
112,LED ceiling lamp,%LED%ceiling%lamp%
113,USB_C OLED TV,%USB_C%OLED%TV%
113,energy_saving ceiling lamp,%energy_saving%ceiling%lamp%
113,sound system,%sound%system%
113,4K ceiling lamp,%4K%ceiling%lamp%
113,pro washing machine,%pro%washing%machine%
113,advanced smart light bulb,%advanced%smart%light%bulb%
113,professional thermostat,%professional%thermostat%
113,USB_C desktop PC,%USB_C%desktop%PC%
113,pro convection oven,%pro%convection%oven%
113,compact flash drive,%compact%flash%drive%
113,4K toaster,%4K%toaster%
113,bluetooth webcam,%bluetooth%webcam%
113,smart home hub,%smart%home%hub%
113,eco portable heater,%eco%portable%heater%
114,ultra laptop,%ultra%laptop%
114,all_in_one smartwatch,%all_in_one%smartwatch%
114,LED dishwasher,%LED%dishwasher%
114,compact game controller,%compact%game%controller%
114,energy_saving slow cooker,%energy_saving%slow%cooker%
114,professional electric kettle,%professional%electric%kettle%
114,compact refrigerator,%compact%refrigerator%
114,all_in_one water purifier,%all_in_one%water%purifier%
115,compact washing machine,%compact%washing%machine%
115,smart_home washing machine,%smart_home%washing%machine%
115,eco food processor,%eco%food%processor%
115,advanced vacuum cleaner,%advanced%vacuum%cleaner%
115,compact wireless router,%compact%wireless%router%
116,professional gaming headset,%professional%gaming%headset%
116,advanced smartwatch,%advanced%smartwatch%
116,LED handheld vacuum,%LED%handheld%vacuum%
116,eco electric kettle,%eco%electric%kettle%
116,bluetooth power bank,%bluetooth%power%bank%
116,all_in_one electric grill,%all_in_one%electric%grill%
116,compact webcam,%compact%webcam%
116,electric grill,%electric%grill%
116,energy_saving smartwatch,%energy_saving%smartwatch%
116,USB_C smart earbuds,%USB_C%smart%earbuds%
116,high_speed electric kettle,%high_speed%electric%kettle%
117,4K soundbar,%4K%soundbar%
117,ultra camcorder,%ultra%camcorder%
117,professional studio headphones,%professional%studio%headphones%
117,eco external hard drive,%eco%external%hard%drive%
117,compact flash drive,%compact%flash%drive%
117,ultra air fryer,%ultra%air%fryer%
118,4K webcam,%4K%webcam%
118,energy_saving external hard drive,%energy_saving%external%hard%drive%
118,USB_C electric grill,%USB_C%electric%grill%
118,black external hard drive,%black%external%hard%drive%
118,energy_saving video doorbell,%energy_saving%video%doorbell%
118,high_speed LED TV,%high_speed%LED%TV%
118,advanced webcam,%advanced%webcam%
119,gaming air fryer,%gaming%air%fryer%
119,eco soundbar,%eco%soundbar%
119,gaming webcam,%gaming%webcam%
119,high_speed gaming headset,%high_speed%gaming%headset%
119,smart_home video doorbell,%smart_home%video%doorbell%
119,4K water purifier,%4K%water%purifier%
120,noise_cancelling tripod,%noise_cancelling%tripod%
120,professional LED TV,%professional%LED%TV%
120,compact rice cooker,%compact%rice%cooker%
120,black smart TV,%black%smart%TV%
120,noise_cancelling microwave oven,%noise_cancelling%microwave%oven%
120,energy_saving food processor,%energy_saving%food%processor%
120,professional bluetooth speaker,%professional%bluetooth%speaker%
121,ultra camcorder,%ultra%camcorder%
121,USB_C flash drive,%USB_C%flash%drive%
121,bluetooth convection oven,%bluetooth%convection%oven%
121,smart_home game controller,%smart_home%game%controller%
121,advanced microwave oven,%advanced%microwave%oven%
121,4K studio headphones,%4K%studio%headphones%
121,eco laptop,%eco%laptop%
121,eco electric kettle,%eco%electric%kettle%
121,eco desktop PC,%eco%desktop%PC%
121,compact SSD,%compact%SSD%
121,ultra convection oven,%ultra%convection%oven%
121,eco induction cooktop,%eco%induction%cooktop%
121,smart home hub,%smart%home%hub%
121,touch_screen convection oven,%touch_screen%convection%oven%
121,ultra dehumidifier,%ultra%dehumidifier%
122,noise_cancelling gaming mouse,%noise_cancelling%gaming%mouse%
122,pro tablet,%pro%tablet%
122,gaming convection oven,%gaming%convection%oven%
122,smart_home slow cooker,%smart_home%slow%cooker%
122,coffee maker,%coffee%maker%
122,eco digital camera,%eco%digital%camera%
122,eco food processor,%eco%food%processor%
122,electric grill,%electric%grill%
122,advanced ceiling lamp,%advanced%ceiling%lamp%
122,LED electric skillet,%LED%electric%skillet%
122,LED camera filter,%LED%camera%filter%
123,ultra camcorder,%ultra%camcorder%
123,gaming LED lamp,%gaming%LED%lamp%
123,touch_screen sound system,%touch_screen%sound%system%
123,all_in_one electric grill,%all_in_one%electric%grill%
123,eco smart scale,%eco%smart%scale%
123,all_in_one water purifier,%all_in_one%water%purifier%
124,smart_home espresso machine,%smart_home%espresso%machine%
124,professional camera bag,%professional%camera%bag%
124,LED electric kettle,%LED%electric%kettle%
124,advanced camera filter,%advanced%camera%filter%
124,smart_home mirrorless camera,%smart_home%mirrorless%camera%
124,smartwatch,%smartwatch%
124,USB_C LED lamp,%USB_C%LED%lamp%
124,4K studio headphones,%4K%studio%headphones%
124,eco laptop,%eco%laptop%
124,compact laptop,%compact%laptop%
124,bluetooth gaming console,%bluetooth%gaming%console%
124,4K thermostat,%4K%thermostat%
124,compact game controller,%compact%game%controller%
124,noise_cancelling water purifier,%noise_cancelling%water%purifier%
124,USB_C smart earbuds,%USB_C%smart%earbuds%
125,compact smart light bulb,%compact%smart%light%bulb%
125,LED external hard drive,%LED%external%hard%drive%
125,gaming electric grill,%gaming%electric%grill%
125,black coffee maker,%black%coffee%maker%
125,noise_cancelling OLED TV,%noise_cancelling%OLED%TV%
125,noise_cancelling air purifier,%noise_cancelling%air%purifier%
126,USB_C OLED TV,%USB_C%OLED%TV%
126,LED tripod,%LED%tripod%
126,touch_screen convection oven,%touch_screen%convection%oven%
126,touch_screen external hard drive,%touch_screen%external%hard%drive%
126,high_speed espresso machine,%high_speed%espresso%machine%
126,smart_home power bank,%smart_home%power%bank%
126,professional smart home hub,%professional%smart%home%hub%
126,4K ceiling lamp,%4K%ceiling%lamp%
126,gaming smartwatch,%gaming%smartwatch%
126,touch_screen video doorbell,%touch_screen%video%doorbell%
126,noise_cancelling dryer,%noise_cancelling%dryer%
126,eco induction cooktop,%eco%induction%cooktop%
126,advanced vacuum cleaner,%advanced%vacuum%cleaner%
126,smart_home smoke detector,%smart_home%smoke%detector%
126,LED induction cooktop,%LED%induction%cooktop%
127,compact 4K TV,%compact%4K%TV%
127,sound system,%sound%system%
127,high_speed gaming console,%high_speed%gaming%console%
127,advanced rice cooker,%advanced%rice%cooker%
127,professional water purifier,%professional%water%purifier%
127,touch_screen blender,%touch_screen%blender%
127,eco external hard drive,%eco%external%hard%drive%
127,compact memory card,%compact%memory%card%
127,eco blender,%eco%blender%
127,advanced SSD,%advanced%SSD%
127,LED game controller,%LED%game%controller%
127,LED electric skillet,%LED%electric%skillet%
128,eco camera bag,%eco%camera%bag%
128,high_speed fan,%high_speed%fan%
128,4K webcam,%4K%webcam%
128,advanced external hard drive,%advanced%external%hard%drive%
128,pro camera lens,%pro%camera%lens%
128,4K desktop PC,%4K%desktop%PC%
129,ultra camcorder,%ultra%camcorder%
129,bluetooth smart lock,%bluetooth%smart%lock%
129,LED smart TV,%LED%smart%TV%
129,ceiling lamp,%ceiling%lamp%
129,gaming SSD,%gaming%SSD%
129,advanced camera bag,%advanced%camera%bag%
129,black mini fridge,%black%mini%fridge%
129,ultra external hard drive,%ultra%external%hard%drive%
129,smart_home smoke detector,%smart_home%smoke%detector%
129,ultra air fryer,%ultra%air%fryer%
130,smart_home ceiling fan,%smart_home%ceiling%fan%
130,LED smart light bulb,%LED%smart%light%bulb%
130,ultra tripod,%ultra%tripod%
130,tripod,%tripod%
130,all_in_one tablet,%all_in_one%tablet%
130,eco gaming headset,%eco%gaming%headset%
130,energy_saving washing machine,%energy_saving%washing%machine%
130,eco LED lamp,%eco%LED%lamp%
130,4K projector,%4K%projector%
130,pro scanner,%pro%scanner%
130,USB_C smart earbuds,%USB_C%smart%earbuds%
131,smart_home water purifier,%smart_home%water%purifier%
131,pro QLED TV,%pro%QLED%TV%
131,smart_home humidifier,%smart_home%humidifier%
131,bluetooth humidifier,%bluetooth%humidifier%
131,compact camera filter,%compact%camera%filter%
131,advanced ceiling lamp,%advanced%ceiling%lamp%
132,slow cooker,%slow%cooker%
132,professional camera bag,%professional%camera%bag%
132,professional flash drive,%professional%flash%drive%
132,black camera bag,%black%camera%bag%
132,microphone,%microphone%
132,sound system,%sound%system%
132,compact handheld vacuum,%compact%handheld%vacuum%
132,compact laptop,%compact%laptop%
132,USB_C juicer,%USB_C%juicer%
132,pro tripod,%pro%tripod%
132,USB_C espresso machine,%USB_C%espresso%machine%
132,gaming webcam,%gaming%webcam%
132,noise_cancelling dehumidifier,%noise_cancelling%dehumidifier%
132,bluetooth mirrorless camera,%bluetooth%mirrorless%camera%
132,pro home theater,%pro%home%theater%
133,professional power bank,%professional%power%bank%
133,bluetooth desktop PC,%bluetooth%desktop%PC%
133,gaming refrigerator,%gaming%refrigerator%
133,compact laptop,%compact%laptop%
133,black smoke detector,%black%smoke%detector%
133,4K camera lens,%4K%camera%lens%
134,bluetooth security camera,%bluetooth%security%camera%
134,USB_C humidifier,%USB_C%humidifier%
134,ultra dehumidifier,%ultra%dehumidifier%
134,USB_C studio headphones,%USB_C%studio%headphones%
134,professional wireless headphones,%professional%wireless%headphones%
134,bluetooth desktop PC,%bluetooth%desktop%PC%
134,eco flash drive,%eco%flash%drive%
134,bluetooth power bank,%bluetooth%power%bank%
134,4K SSD,%4K%SSD%
134,compact tripod,%compact%tripod%
134,4K espresso machine,%4K%espresso%machine%
134,professional toaster oven,%professional%toaster%oven%
134,LED mirrorless camera,%LED%mirrorless%camera%
134,bluetooth LED lamp,%bluetooth%LED%lamp%
135,LED dishwasher,%LED%dishwasher%
135,advanced juicer,%advanced%juicer%
135,all_in_one electric grill,%all_in_one%electric%grill%
135,smart_home air fryer,%smart_home%air%fryer%
135,smart home hub,%smart%home%hub%
135,black dehumidifier,%black%dehumidifier%
135,LED mirrorless camera,%LED%mirrorless%camera%
136,all_in_one smartwatch,%all_in_one%smartwatch%
136,pro SSD,%pro%SSD%
136,gaming air fryer,%gaming%air%fryer%
136,compact camera filter,%compact%camera%filter%
136,ultra smartwatch,%ultra%smartwatch%
136,ultra coffee maker,%ultra%coffee%maker%
136,touch_screen smoke detector,%touch_screen%smoke%detector%
136,compact wireless router,%compact%wireless%router%
136,4K espresso machine,%4K%espresso%machine%
136,bluetooth smart light bulb,%bluetooth%smart%light%bulb%
136,LED portable charger,%LED%portable%charger%
136,touch_screen camcorder,%touch_screen%camcorder%
137,advanced air purifier,%advanced%air%purifier%
137,touch_screen QLED TV,%touch_screen%QLED%TV%
137,ultra mini fridge,%ultra%mini%fridge%
137,noise_cancelling smart home hub,%noise_cancelling%smart%home%hub%
137,bluetooth induction cooktop,%bluetooth%induction%cooktop%
138,professional sound system,%professional%sound%system%
138,smart_home game controller,%smart_home%game%controller%
138,all_in_one camera filter,%all_in_one%camera%filter%
138,advanced SSD,%advanced%SSD%
138,pro camera lens,%pro%camera%lens%
138,smart_home washing machine,%smart_home%washing%machine%
138,professional washing machine,%professional%washing%machine%
138,compact flash drive,%compact%flash%drive%
138,microphone,%microphone%
138,LED game controller,%LED%game%controller%
138,USB_C smart earbuds,%USB_C%smart%earbuds%
138,bluetooth LED lamp,%bluetooth%LED%lamp%
139,pro tablet,%pro%tablet%
139,advanced dryer,%advanced%dryer%
139,compact 4K TV,%compact%4K%TV%
139,black camera bag,%black%camera%bag%
139,tripod,%tripod%
139,touch_screen memory card,%touch_screen%memory%card%
139,gaming webcam,%gaming%webcam%
139,eco LED lamp,%eco%LED%lamp%
140,high_speed flash drive,%high_speed%flash%drive%
140,high_speed robot vacuum,%high_speed%robot%vacuum%
140,noise_cancelling smart home hub,%noise_cancelling%smart%home%hub%
140,compact laptop,%compact%laptop%
140,compact rice cooker,%compact%rice%cooker%
140,ultra coffee maker,%ultra%coffee%maker%
140,pro SSD,%pro%SSD%
140,bluetooth electric kettle,%bluetooth%electric%kettle%
141,LED dishwasher,%LED%dishwasher%
141,USB_C gaming headset,%USB_C%gaming%headset%
141,compact 4K TV,%compact%4K%TV%
141,noise_cancelling video doorbell,%noise_cancelling%video%doorbell%
141,all_in_one mirrorless camera,%all_in_one%mirrorless%camera%
141,noise_cancelling scanner,%noise_cancelling%scanner%
141,black coffee maker,%black%coffee%maker%
141,compact flash drive,%compact%flash%drive%
141,black ice maker,%black%ice%maker%
141,ultra espresso machine,%ultra%espresso%machine%
141,bluetooth webcam,%bluetooth%webcam%
141,high_speed electric skillet,%high_speed%electric%skillet%
142,bluetooth refrigerator,%bluetooth%refrigerator%
142,USB_C flash drive,%USB_C%flash%drive%
142,high_speed slow cooker,%high_speed%slow%cooker%
142,LED tripod,%LED%tripod%
142,4K smart lock,%4K%smart%lock%
142,high_speed smoke detector,%high_speed%smoke%detector%
142,ultra smart lock,%ultra%smart%lock%
142,professional camera lens,%professional%camera%lens%
142,gaming mouse,%gaming%mouse%
142,pro smart scale,%pro%smart%scale%
142,4K smart home hub,%4K%smart%home%hub%
142,all_in_one smart scale,%all_in_one%smart%scale%
142,eco smart scale,%eco%smart%scale%
142,4K espresso machine,%4K%espresso%machine%
142,all_in_one water purifier,%all_in_one%water%purifier%
143,LED external hard drive,%LED%external%hard%drive%
143,USB_C electric grill,%USB_C%electric%grill%
143,smartwatch,%smartwatch%
143,high_speed camera bag,%high_speed%camera%bag%
143,4K SSD,%4K%SSD%
143,compact memory card,%compact%memory%card%
144,eco camera lens,%eco%camera%lens%
144,professional sound system,%professional%sound%system%
144,pro dehumidifier,%pro%dehumidifier%
144,high_speed microwave oven,%high_speed%microwave%oven%
144,noise_cancelling SSD,%noise_cancelling%SSD%
144,energy_saving flash drive,%energy_saving%flash%drive%
144,4K studio headphones,%4K%studio%headphones%
144,4K water purifier,%4K%water%purifier%
145,high_speed desk lamp,%high_speed%desk%lamp%
145,LED mini fridge,%LED%mini%fridge%
145,4K QLED TV,%4K%QLED%TV%
145,gaming air fryer,%gaming%air%fryer%
145,smart_home laptop,%smart_home%laptop%
145,pro smart scale,%pro%smart%scale%
145,bluetooth induction cooktop,%bluetooth%induction%cooktop%
145,smart_home 4K TV,%smart_home%4K%TV%
145,smart_home toaster oven,%smart_home%toaster%oven%
145,pro robot vacuum,%pro%robot%vacuum%
146,noise_cancelling gaming mouse,%noise_cancelling%gaming%mouse%
146,eco camera lens,%eco%camera%lens%
146,eco LED TV,%eco%LED%TV%
146,energy_saving mini fridge,%energy_saving%mini%fridge%
146,energy_saving juicer,%energy_saving%juicer%
146,ultra humidifier,%ultra%humidifier%
146,energy_saving scanner,%energy_saving%scanner%
146,touch_screen memory card,%touch_screen%memory%card%
146,bluetooth subwoofer,%bluetooth%subwoofer%
146,touch_screen smoke detector,%touch_screen%smoke%detector%
146,high_speed sound system,%high_speed%sound%system%
147,USB_C gaming headset,%USB_C%gaming%headset%
147,USB_C convection oven,%USB_C%convection%oven%
147,professional studio headphones,%professional%studio%headphones%
147,tripod,%tripod%
147,high_speed camera lens,%high_speed%camera%lens%
147,pro portable charger,%pro%portable%charger%
147,USB_C portable heater,%USB_C%portable%heater%
148,bluetooth security camera,%bluetooth%security%camera%
148,USB_C flash drive,%USB_C%flash%drive%
148,smart_home game controller,%smart_home%game%controller%
148,4K gaming mouse,%4K%gaming%mouse%
148,professional washing machine,%professional%washing%machine%
148,eco OLED TV,%eco%OLED%TV%
148,bluetooth webcam,%bluetooth%webcam%
148,bluetooth mirrorless camera,%bluetooth%mirrorless%camera%
149,4K tripod,%4K%tripod%
149,USB_C flash drive,%USB_C%flash%drive%
149,professional camera bag,%professional%camera%bag%
149,energy_saving electric kettle,%energy_saving%electric%kettle%
149,4K gaming mouse,%4K%gaming%mouse%
149,ultra rice cooker,%ultra%rice%cooker%
149,smart_home washing machine,%smart_home%washing%machine%
149,USB_C water purifier,%USB_C%water%purifier%
149,compact rice cooker,%compact%rice%cooker%
149,LED mirrorless camera,%LED%mirrorless%camera%
149,noise_cancelling flash drive,%noise_cancelling%flash%drive%
150,bluetooth security camera,%bluetooth%security%camera%
150,bluetooth digital camera,%bluetooth%digital%camera%
150,compact OLED TV,%compact%OLED%TV%
150,eco mechanical keyboard,%eco%mechanical%keyboard%
150,compact washing machine,%compact%washing%machine%
150,noise_cancelling studio headphones,%noise_cancelling%studio%headphones%
150,gaming smartwatch,%gaming%smartwatch%
150,all_in_one studio headphones,%all_in_one%studio%headphones%
150,pro electric grill,%pro%electric%grill%
150,touch_screen rice cooker,%touch_screen%rice%cooker%
150,touch_screen blender,%touch_screen%blender%
150,gaming mouse,%gaming%mouse%
150,compact flash drive,%compact%flash%drive%
150,4K projector,%4K%projector%
150,smart_home fitness tracker,%smart_home%fitness%tracker%
151,USB_C humidifier,%USB_C%humidifier%
151,tripod,%tripod%
151,energy_saving espresso machine,%energy_saving%espresso%machine%
151,professional thermostat,%professional%thermostat%
151,compact memory card,%compact%memory%card%
151,black game controller,%black%game%controller%
151,black coffee maker,%black%coffee%maker%
151,pro camcorder,%pro%camcorder%
151,electric grill,%electric%grill%
151,touch_screen floor lamp,%touch_screen%floor%lamp%
151,energy_saving OLED TV,%energy_saving%OLED%TV%
151,all_in_one game controller,%all_in_one%game%controller%
151,smart_home video doorbell,%smart_home%video%doorbell%
151,USB_C water purifier,%USB_C%water%purifier%
152,eco thermostat,%eco%thermostat%
152,touch_screen thermostat,%touch_screen%thermostat%
152,LED TV,%LED%TV%
152,LED convection oven,%LED%convection%oven%
152,compact espresso machine,%compact%espresso%machine%
152,advanced smart light bulb,%advanced%smart%light%bulb%
152,eco blender,%eco%blender%
152,4K water purifier,%4K%water%purifier%
153,4K laptop,%4K%laptop%
153,gaming game controller,%gaming%game%controller%
153,smart_home microphone,%smart_home%microphone%
153,USB_C juicer,%USB_C%juicer%
153,high_speed gaming headset,%high_speed%gaming%headset%
153,smart_home portable heater,%smart_home%portable%heater%
154,eco camera lens,%eco%camera%lens%
154,compact juicer,%compact%juicer%
154,advanced dryer,%advanced%dryer%
154,energy_saving fan,%energy_saving%fan%
154,ultra fitness tracker,%ultra%fitness%tracker%
154,advanced smart light bulb,%advanced%smart%light%bulb%
154,smart_home laptop,%smart_home%laptop%
154,smart_home 4K TV,%smart_home%4K%TV%
154,advanced ceiling lamp,%advanced%ceiling%lamp%
154,high_speed coffee maker,%high_speed%coffee%maker%
155,ultra laptop,%ultra%laptop%
155,4K floor lamp,%4K%floor%lamp%
155,LED electric kettle,%LED%electric%kettle%
155,energy_saving ceiling lamp,%energy_saving%ceiling%lamp%
155,LED smart light bulb,%LED%smart%light%bulb%
155,advanced camera filter,%advanced%camera%filter%
155,high_speed smoke detector,%high_speed%smoke%detector%
155,eco digital camera,%eco%digital%camera%
155,energy_saving food processor,%energy_saving%food%processor%
156,energy_saving QLED TV,%energy_saving%QLED%TV%
156,high_speed espresso machine,%high_speed%espresso%machine%
156,professional wireless headphones,%professional%wireless%headphones%
156,black digital camera,%black%digital%camera%
156,compact camera filter,%compact%camera%filter%
156,energy_saving juicer,%energy_saving%juicer%
156,ultra fitness tracker,%ultra%fitness%tracker%
156,LED electric grill,%LED%electric%grill%
156,energy_saving microwave oven,%energy_saving%microwave%oven%
156,gaming webcam,%gaming%webcam%
156,all_in_one fitness tracker,%all_in_one%fitness%tracker%
156,LED smart scale,%LED%smart%scale%
156,noise_cancelling dryer,%noise_cancelling%dryer%
156,all_in_one electric skillet,%all_in_one%electric%skillet%
157,all_in_one toaster,%all_in_one%toaster%
157,ultra security camera,%ultra%security%camera%
157,compact washing machine,%compact%washing%machine%
157,all_in_one fitness tracker,%all_in_one%fitness%tracker%
157,energy_saving video doorbell,%energy_saving%video%doorbell%
157,noise_cancelling printer,%noise_cancelling%printer%
157,scanner,%scanner%
158,energy_saving LED TV,%energy_saving%LED%TV%
158,bluetooth convection oven,%bluetooth%convection%oven%
158,smart_home power bank,%smart_home%power%bank%
158,compact espresso machine,%compact%espresso%machine%
158,gaming game controller,%gaming%game%controller%
158,USB_C espresso machine,%USB_C%espresso%machine%
159,4K ice maker,%4K%ice%maker%
159,bluetooth electric skillet,%bluetooth%electric%skillet%
159,USB_C portable charger,%USB_C%portable%charger%
159,gaming air purifier,%gaming%air%purifier%
159,touch_screen digital camera,%touch_screen%digital%camera%
159,noise_cancelling OLED TV,%noise_cancelling%OLED%TV%
159,4K toaster,%4K%toaster%
159,compact juicer,%compact%juicer%
159,high_speed electric skillet,%high_speed%electric%skillet%
160,energy_saving LED TV,%energy_saving%LED%TV%
160,4K home theater,%4K%home%theater%
160,high_speed espresso machine,%high_speed%espresso%machine%
160,LED TV,%LED%TV%
160,pro smart scale,%pro%smart%scale%
160,ultra convection oven,%ultra%convection%oven%
161,USB_C OLED TV,%USB_C%OLED%TV%
161,compact OLED TV,%compact%OLED%TV%
161,high_speed desk lamp,%high_speed%desk%lamp%
161,gaming convection oven,%gaming%convection%oven%
161,LED mini fridge,%LED%mini%fridge%
161,advanced external hard drive,%advanced%external%hard%drive%
161,high_speed gaming console,%high_speed%gaming%console%
161,gaming game controller,%gaming%game%controller%
161,refrigerator,%refrigerator%
161,touch_screen soundbar,%touch_screen%soundbar%
161,noise_cancelling OLED TV,%noise_cancelling%OLED%TV%
161,compact fan,%compact%fan%
161,smart_home toaster oven,%smart_home%toaster%oven%
161,scanner,%scanner%
162,high_speed LED lamp,%high_speed%LED%lamp%
162,bluetooth fan,%bluetooth%fan%
162,eco desktop PC,%eco%desktop%PC%
162,noise_cancelling water purifier,%noise_cancelling%water%purifier%
162,scanner,%scanner%
163,high_speed desk lamp,%high_speed%desk%lamp%
163,LED soundbar,%LED%soundbar%
163,USB_C studio headphones,%USB_C%studio%headphones%
163,advanced 4K TV,%advanced%4K%TV%
163,black microwave oven,%black%microwave%oven%
163,4K desktop PC,%4K%desktop%PC%
163,black convection oven,%black%convection%oven%
163,high_speed robot vacuum,%high_speed%robot%vacuum%
163,touch_screen gaming console,%touch_screen%gaming%console%
163,ultra wireless router,%ultra%wireless%router%
163,high_speed microwave oven,%high_speed%microwave%oven%
164,USB_C OLED TV,%USB_C%OLED%TV%
164,ultra camcorder,%ultra%camcorder%
164,compact 4K TV,%compact%4K%TV%
164,advanced video doorbell,%advanced%video%doorbell%
164,compact washing machine,%compact%washing%machine%
164,gaming air fryer,%gaming%air%fryer%
164,noise_cancelling scanner,%noise_cancelling%scanner%
164,eco electric kettle,%eco%electric%kettle%
164,energy_saving slow cooker,%energy_saving%slow%cooker%
164,bluetooth food processor,%bluetooth%food%processor%
164,4K portable heater,%4K%portable%heater%
165,noise_cancelling gaming mouse,%noise_cancelling%gaming%mouse%
165,4K game controller,%4K%game%controller%
165,professional sound system,%professional%sound%system%
165,professional wireless headphones,%professional%wireless%headphones%
165,bluetooth water purifier,%bluetooth%water%purifier%
165,touch_screen blender,%touch_screen%blender%
165,smart lock,%smart%lock%
165,eco smart scale,%eco%smart%scale%
166,ultra smart light bulb,%ultra%smart%light%bulb%
166,coffee maker,%coffee%maker%
166,portable charger,%portable%charger%
166,pro scanner,%pro%scanner%
166,LED wireless headphones,%LED%wireless%headphones%
167,compact smart lock,%compact%smart%lock%
167,gaming SSD,%gaming%SSD%
167,high_speed portable charger,%high_speed%portable%charger%
167,gaming mouse,%gaming%mouse%
167,smart_home camera filter,%smart_home%camera%filter%
167,noise_cancelling water purifier,%noise_cancelling%water%purifier%
168,USB_C gaming headset,%USB_C%gaming%headset%
168,sound system,%sound%system%
168,high_speed gaming console,%high_speed%gaming%console%
168,LED convection oven,%LED%convection%oven%
168,gaming refrigerator,%gaming%refrigerator%
168,touch_screen video doorbell,%touch_screen%video%doorbell%
168,4K thermostat,%4K%thermostat%
168,ultra convection oven,%ultra%convection%oven%
168,energy_saving smartwatch,%energy_saving%smartwatch%
169,advanced LED lamp,%advanced%LED%lamp%
169,smart_home ceiling fan,%smart_home%ceiling%fan%
169,eco camera lens,%eco%camera%lens%
169,USB_C subwoofer,%USB_C%subwoofer%
169,USB_C electric grill,%USB_C%electric%grill%
169,all_in_one home theater,%all_in_one%home%theater%
169,eco electric kettle,%eco%electric%kettle%
170,bluetooth refrigerator,%bluetooth%refrigerator%
170,all_in_one camcorder,%all_in_one%camcorder%
170,high_speed rice cooker,%high_speed%rice%cooker%
170,compact smart light bulb,%compact%smart%light%bulb%
170,bluetooth convection oven,%bluetooth%convection%oven%
170,eco food processor,%eco%food%processor%
170,bluetooth desk lamp,%bluetooth%desk%lamp%
170,LED game controller,%LED%game%controller%
170,compact juicer,%compact%juicer%
170,noise_cancelling printer,%noise_cancelling%printer%
171,smartwatch,%smartwatch%
171,black mini fridge,%black%mini%fridge%
171,ultra electric grill,%ultra%electric%grill%
171,eco camera filter,%eco%camera%filter%
171,eco QLED TV,%eco%QLED%TV%
171,touch_screen convection oven,%touch_screen%convection%oven%
172,advanced wireless router,%advanced%wireless%router%
172,LED smart light bulb,%LED%smart%light%bulb%
172,eco rice cooker,%eco%rice%cooker%
172,USB_C portable heater,%USB_C%portable%heater%
172,black smart TV,%black%smart%TV%
172,4K ice maker,%4K%ice%maker%
172,noise_cancelling dehumidifier,%noise_cancelling%dehumidifier%
172,smoke detector,%smoke%detector%
172,pro dehumidifier,%pro%dehumidifier%
173,gaming digital camera,%gaming%digital%camera%
173,advanced microphone,%advanced%microphone%
173,pro washing machine,%pro%washing%machine%
173,USB_C portable heater,%USB_C%portable%heater%
173,black coffee maker,%black%coffee%maker%
173,bluetooth induction cooktop,%bluetooth%induction%cooktop%
173,smart_home smoke detector,%smart_home%smoke%detector%
174,bluetooth espresso machine,%bluetooth%espresso%machine%
174,USB_C gaming headset,%USB_C%gaming%headset%
174,noise_cancelling LED lamp,%noise_cancelling%LED%lamp%
174,bluetooth power bank,%bluetooth%power%bank%
174,high_speed smartwatch,%high_speed%smartwatch%
175,eco camera lens,%eco%camera%lens%
175,energy_saving external hard drive,%energy_saving%external%hard%drive%
175,smart_home power bank,%smart_home%power%bank%
175,gaming SSD,%gaming%SSD%
175,eco espresso machine,%eco%espresso%machine%
175,LED game controller,%LED%game%controller%
176,smart_home espresso machine,%smart_home%espresso%machine%
176,USB_C humidifier,%USB_C%humidifier%
176,professional camera bag,%professional%camera%bag%
176,USB_C gaming console,%USB_C%gaming%console%
176,professional vacuum cleaner,%professional%vacuum%cleaner%
176,gaming refrigerator,%gaming%refrigerator%
176,advanced wireless headphones,%advanced%wireless%headphones%
176,eco scanner,%eco%scanner%
176,ultra humidifier,%ultra%humidifier%
176,all_in_one camera lens,%all_in_one%camera%lens%
176,LED induction cooktop,%LED%induction%cooktop%
177,energy_saving LED TV,%energy_saving%LED%TV%
177,pro microwave oven,%pro%microwave%oven%
177,USB_C convection oven,%USB_C%convection%oven%
177,professional studio headphones,%professional%studio%headphones%
177,LED mirrorless camera,%LED%mirrorless%camera%
177,all_in_one camera bag,%all_in_one%camera%bag%
177,eco food processor,%eco%food%processor%
177,noise_cancelling dishwasher,%noise_cancelling%dishwasher%
177,bluetooth speaker,%bluetooth%speaker%
177,high_speed electric kettle,%high_speed%electric%kettle%
178,ceiling lamp,%ceiling%lamp%
178,professional memory card,%professional%memory%card%
178,touch_screen sound system,%touch_screen%sound%system%
178,compact handheld vacuum,%compact%handheld%vacuum%
178,gaming webcam,%gaming%webcam%
178,black gaming headset,%black%gaming%headset%
178,touch_screen smoke detector,%touch_screen%smoke%detector%
179,ultra laptop,%ultra%laptop%
179,advanced air purifier,%advanced%air%purifier%
179,compact washing machine,%compact%washing%machine%
179,high_speed scanner,%high_speed%scanner%
179,high_speed desktop PC,%high_speed%desktop%PC%
179,black coffee maker,%black%coffee%maker%
179,professional webcam,%professional%webcam%
179,noise_cancelling water purifier,%noise_cancelling%water%purifier%
179,professional portable charger,%professional%portable%charger%
179,LED mirrorless camera,%LED%mirrorless%camera%
179,LED camera filter,%LED%camera%filter%
180,eco camera bag,%eco%camera%bag%
180,noise_cancelling gaming console,%noise_cancelling%gaming%console%
180,eco studio headphones,%eco%studio%headphones%
180,noise_cancelling mechanical keyboard,%noise_cancelling%mechanical%keyboard%
180,compact laptop,%compact%laptop%
180,USB_C portable charger,%USB_C%portable%charger%
180,4K smart TV,%4K%smart%TV%
180,eco desktop PC,%eco%desktop%PC%
180,electric grill,%electric%grill%
180,4K toaster,%4K%toaster%
180,professional food processor,%professional%food%processor%
180,all_in_one electric skillet,%all_in_one%electric%skillet%
181,professional desk lamp,%professional%desk%lamp%
181,compact smart lock,%compact%smart%lock%
181,high_speed mechanical keyboard,%high_speed%mechanical%keyboard%
181,smart_home game controller,%smart_home%game%controller%
181,LED TV,%LED%TV%
181,high_speed memory card,%high_speed%memory%card%
181,touch_screen QLED TV,%touch_screen%QLED%TV%
181,LED camera filter,%LED%camera%filter%
181,pro washing machine,%pro%washing%machine%
181,pro electric grill,%pro%electric%grill%
181,touch_screen floor lamp,%touch_screen%floor%lamp%
181,pro scanner,%pro%scanner%
181,LED electric skillet,%LED%electric%skillet%
181,bluetooth LED lamp,%bluetooth%LED%lamp%
182,high_speed fan,%high_speed%fan%
182,noise_cancelling juicer,%noise_cancelling%juicer%
182,high_speed LED lamp,%high_speed%LED%lamp%
182,USB_C LED lamp,%USB_C%LED%lamp%
182,4K thermostat,%4K%thermostat%
182,4K ice maker,%4K%ice%maker%
182,4K toaster,%4K%toaster%
183,high_speed rice cooker,%high_speed%rice%cooker%
183,ultra smart light bulb,%ultra%smart%light%bulb%
183,high_speed mechanical keyboard,%high_speed%mechanical%keyboard%
183,pro dishwasher,%pro%dishwasher%
183,high_speed memory card,%high_speed%memory%card%
183,professional washing machine,%professional%washing%machine%
183,USB_C portable heater,%USB_C%portable%heater%
183,all_in_one fitness tracker,%all_in_one%fitness%tracker%
183,smart home hub,%smart%home%hub%
183,advanced dishwasher,%advanced%dishwasher%
183,high_speed LED TV,%high_speed%LED%TV%
183,pro home theater,%pro%home%theater%
183,noise_cancelling air purifier,%noise_cancelling%air%purifier%
184,noise_cancelling juicer,%noise_cancelling%juicer%
184,professional smart scale,%professional%smart%scale%
184,advanced smart earbuds,%advanced%smart%earbuds%
184,bluetooth gaming console,%bluetooth%gaming%console%
184,eco espresso machine,%eco%espresso%machine%
184,4K ice maker,%4K%ice%maker%
184,noise_cancelling dehumidifier,%noise_cancelling%dehumidifier%
184,bluetooth blender,%bluetooth%blender%
185,smart_home ceiling fan,%smart_home%ceiling%fan%
185,touch_screen printer,%touch_screen%printer%
185,advanced dryer,%advanced%dryer%
185,gaming refrigerator,%gaming%refrigerator%
185,professional thermostat,%professional%thermostat%
185,touch_screen floor lamp,%touch_screen%floor%lamp%
185,smart_home camera filter,%smart_home%camera%filter%
186,noise_cancelling air fryer,%noise_cancelling%air%fryer%
186,USB_C juicer,%USB_C%juicer%
186,ultra convection oven,%ultra%convection%oven%
186,noise_cancelling SSD,%noise_cancelling%SSD%
186,smart lock,%smart%lock%
186,LED ceiling lamp,%LED%ceiling%lamp%
187,bluetooth smart lock,%bluetooth%smart%lock%
187,professional smart home hub,%professional%smart%home%hub%
187,4K QLED TV,%4K%QLED%TV%
187,energy_saving mini fridge,%energy_saving%mini%fridge%
187,advanced smoke detector,%advanced%smoke%detector%
187,black convection oven,%black%convection%oven%
187,4K mirrorless camera,%4K%mirrorless%camera%
187,touch_screen memory card,%touch_screen%memory%card%
187,compact tripod,%compact%tripod%
187,4K studio headphones,%4K%studio%headphones%
187,high_speed electric skillet,%high_speed%electric%skillet%
188,professional webcam,%professional%webcam%
188,energy_saving food processor,%energy_saving%food%processor%
188,touch_screen convection oven,%touch_screen%convection%oven%
188,noise_cancelling dryer,%noise_cancelling%dryer%
189,black camera bag,%black%camera%bag%
189,4K desktop PC,%4K%desktop%PC%
189,eco portable charger,%eco%portable%charger%
189,USB_C juicer,%USB_C%juicer%
189,all_in_one electric skillet,%all_in_one%electric%skillet%
190,eco air purifier,%eco%air%purifier%
190,energy_saving vacuum cleaner,%energy_saving%vacuum%cleaner%
190,gaming SSD,%gaming%SSD%
190,bluetooth desktop PC,%bluetooth%desktop%PC%
190,ultra action camera,%ultra%action%camera%
190,noise_cancelling OLED TV,%noise_cancelling%OLED%TV%
191,noise_cancelling tripod,%noise_cancelling%tripod%
191,pro tablet,%pro%tablet%
191,smart_home power bank,%smart_home%power%bank%
191,eco fitness tracker,%eco%fitness%tracker%
191,gaming video doorbell,%gaming%video%doorbell%
191,energy_saving microwave oven,%energy_saving%microwave%oven%
192,4K video doorbell,%4K%video%doorbell%
192,advanced smoke detector,%advanced%smoke%detector%
192,pro camera lens,%pro%camera%lens%
192,pro camcorder,%pro%camcorder%
192,noise_cancelling water purifier,%noise_cancelling%water%purifier%
192,smart_home video doorbell,%smart_home%video%doorbell%
193,professional sound system,%professional%sound%system%
193,USB_C desk lamp,%USB_C%desk%lamp%
193,high_speed scanner,%high_speed%scanner%
193,touch_screen subwoofer,%touch_screen%subwoofer%
193,pro electric grill,%pro%electric%grill%
193,professional dehumidifier,%professional%dehumidifier%
193,high_speed LED TV,%high_speed%LED%TV%
194,noise_cancelling air fryer,%noise_cancelling%air%fryer%
194,gaming digital camera,%gaming%digital%camera%
194,smart_home humidifier,%smart_home%humidifier%
194,advanced smart earbuds,%advanced%smart%earbuds%
194,bluetooth electric kettle,%bluetooth%electric%kettle%
194,advanced camera bag,%advanced%camera%bag%
194,eco scanner,%eco%scanner%
194,USB_C wireless headphones,%USB_C%wireless%headphones%
194,LED smart earbuds,%LED%smart%earbuds%
194,professional camera lens,%professional%camera%lens%
194,professional thermostat,%professional%thermostat%
194,touch_screen digital camera,%touch_screen%digital%camera%
194,eco smart home hub,%eco%smart%home%hub%
194,advanced thermostat,%advanced%thermostat%
194,eco flash drive,%eco%flash%drive%
195,4K game controller,%4K%game%controller%
195,USB_C fitness tracker,%USB_C%fitness%tracker%
195,eco portable heater,%eco%portable%heater%
195,USB_C studio headphones,%USB_C%studio%headphones%
195,4K ceiling lamp,%4K%ceiling%lamp%
195,bluetooth power bank,%bluetooth%power%bank%
195,smart_home camera lens,%smart_home%camera%lens%
195,smart_home air fryer,%smart_home%air%fryer%
195,ultra convection oven,%ultra%convection%oven%
195,all_in_one electric grill,%all_in_one%electric%grill%
195,noise_cancelling dehumidifier,%noise_cancelling%dehumidifier%
195,energy_saving video doorbell,%energy_saving%video%doorbell%
195,bluetooth speaker,%bluetooth%speaker%
195,advanced camcorder,%advanced%camcorder%
196,advanced LED lamp,%advanced%LED%lamp%
196,professional desk lamp,%professional%desk%lamp%
196,4K video doorbell,%4K%video%doorbell%
196,pro microwave oven,%pro%microwave%oven%
196,high_speed robot vacuum,%high_speed%robot%vacuum%
196,ultra action camera,%ultra%action%camera%
196,4K digital camera,%4K%digital%camera%
196,eco blender,%eco%blender%
196,high_speed gaming headset,%high_speed%gaming%headset%
197,gaming wireless headphones,%gaming%wireless%headphones%
197,noise_cancelling gaming console,%noise_cancelling%gaming%console%
197,ultra microwave oven,%ultra%microwave%oven%
197,advanced external hard drive,%advanced%external%hard%drive%
197,compact 4K TV,%compact%4K%TV%
197,LED mini fridge,%LED%mini%fridge%
197,pro humidifier,%pro%humidifier%
197,eco LED TV,%eco%LED%TV%
197,compact subwoofer,%compact%subwoofer%
197,advanced smartwatch,%advanced%smartwatch%
197,USB_C juicer,%USB_C%juicer%
197,LED printer,%LED%printer%
197,touch_screen food processor,%touch_screen%food%processor%
197,eco QLED TV,%eco%QLED%TV%
198,4K home theater,%4K%home%theater%
198,LED dryer,%LED%dryer%
198,advanced video doorbell,%advanced%video%doorbell%
198,sound system,%sound%system%
198,noise_cancelling electric grill,%noise_cancelling%electric%grill%
198,advanced rice cooker,%advanced%rice%cooker%
198,gaming smartwatch,%gaming%smartwatch%
198,bluetooth electric skillet,%bluetooth%electric%skillet%
198,USB_C food processor,%USB_C%food%processor%
198,eco OLED TV,%eco%OLED%TV%
198,advanced vacuum cleaner,%advanced%vacuum%cleaner%
199,bluetooth digital camera,%bluetooth%digital%camera%
199,4K tripod,%4K%tripod%
199,smart_home ceiling fan,%smart_home%ceiling%fan%
199,bluetooth portable heater,%bluetooth%portable%heater%
199,energy_saving vacuum cleaner,%energy_saving%vacuum%cleaner%
199,noise_cancelling electric grill,%noise_cancelling%electric%grill%
199,ultra mini fridge,%ultra%mini%fridge%
199,advanced smartwatch,%advanced%smartwatch%
199,noise_cancelling smart home hub,%noise_cancelling%smart%home%hub%
199,black laptop,%black%laptop%
199,humidifier,%humidifier%
199,eco OLED TV,%eco%OLED%TV%
199,touch_screen convection oven,%touch_screen%convection%oven%
200,professional LED TV,%professional%LED%TV%
200,all_in_one coffee maker,%all_in_one%coffee%maker%
200,all_in_one desk lamp,%all_in_one%desk%lamp%
200,smart_home smoke detector,%smart_home%smoke%detector%
200,4K air purifier,%4K%air%purifier%
201,black QLED TV,%black%QLED%TV%
201,advanced refrigerator,%advanced%refrigerator%
201,noise_cancelling OLED TV,%noise_cancelling%OLED%TV%
201,energy_saving food processor,%energy_saving%food%processor%
201,USB_C smart earbuds,%USB_C%smart%earbuds%
202,LED electric kettle,%LED%electric%kettle%
202,professional washing machine,%professional%washing%machine%
202,pro smart scale,%pro%smart%scale%
202,energy_saving video doorbell,%energy_saving%video%doorbell%
202,LED electric skillet,%LED%electric%skillet%
203,USB_C electric skillet,%USB_C%electric%skillet%
203,LED soundbar,%LED%soundbar%
203,energy_saving ceiling lamp,%energy_saving%ceiling%lamp%
203,black humidifier,%black%humidifier%
203,advanced smoke detector,%advanced%smoke%detector%
203,black digital camera,%black%digital%camera%
203,ultra fitness tracker,%ultra%fitness%tracker%
203,high_speed camera bag,%high_speed%camera%bag%
203,USB_C rice cooker,%USB_C%rice%cooker%
203,humidifier,%humidifier%
203,bluetooth desk lamp,%bluetooth%desk%lamp%
203,black smoke detector,%black%smoke%detector%
203,noise_cancelling water purifier,%noise_cancelling%water%purifier%
203,air fryer,%air%fryer%
204,smart_home espresso machine,%smart_home%espresso%machine%
204,compact 4K TV,%compact%4K%TV%
204,energy_saving microphone,%energy_saving%microphone%
204,professional memory card,%professional%memory%card%
204,pro dishwasher,%pro%dishwasher%
204,pro electric grill,%pro%electric%grill%
204,noise_cancelling scanner,%noise_cancelling%scanner%
204,advanced OLED TV,%advanced%OLED%TV%
204,touch_screen convection oven,%touch_screen%convection%oven%
204,advanced thermostat,%advanced%thermostat%
204,4K smart home hub,%4K%smart%home%hub%
205,all_in_one toaster,%all_in_one%toaster%
205,smart_home mirrorless camera,%smart_home%mirrorless%camera%
205,smart_home digital camera,%smart_home%digital%camera%
205,black external hard drive,%black%external%hard%drive%
205,gaming mouse,%gaming%mouse%
205,compact tripod,%compact%tripod%
205,touch_screen smoke detector,%touch_screen%smoke%detector%
205,LED mirrorless camera,%LED%mirrorless%camera%
206,noise_cancelling air fryer,%noise_cancelling%air%fryer%
206,compact OLED TV,%compact%OLED%TV%
206,4K video doorbell,%4K%video%doorbell%
206,touch_screen desktop PC,%touch_screen%desktop%PC%
206,high_speed soundbar,%high_speed%soundbar%
206,gaming refrigerator,%gaming%refrigerator%
206,soundbar,%soundbar%
206,bluetooth electric skillet,%bluetooth%electric%skillet%
206,eco tripod,%eco%tripod%
206,bluetooth food processor,%bluetooth%food%processor%
207,black QLED TV,%black%QLED%TV%
207,QLED TV,%QLED%TV%
207,USB_C humidifier,%USB_C%humidifier%
207,gaming console,%gaming%console%
207,advanced wireless headphones,%advanced%wireless%headphones%
207,bluetooth electric skillet,%bluetooth%electric%skillet%
207,USB_C blender,%USB_C%blender%
207,bluetooth gaming console,%bluetooth%gaming%console%
207,high_speed microwave oven,%high_speed%microwave%oven%
207,ultra convection oven,%ultra%convection%oven%
207,eco gaming headset,%eco%gaming%headset%
207,USB_C wireless headphones,%USB_C%wireless%headphones%
207,noise_cancelling scanner,%noise_cancelling%scanner%
207,food processor,%food%processor%
207,scanner,%scanner%
208,QLED TV,%QLED%TV%
208,advanced 4K TV,%advanced%4K%TV%
208,bluetooth food processor,%bluetooth%food%processor%
208,high_speed sound system,%high_speed%sound%system%
208,4K juicer,%4K%juicer%
209,advanced refrigerator,%advanced%refrigerator%
209,energy_saving electric skillet,%energy_saving%electric%skillet%
209,noise_cancelling video doorbell,%noise_cancelling%video%doorbell%
209,professional wireless headphones,%professional%wireless%headphones%
209,noise_cancelling dehumidifier,%noise_cancelling%dehumidifier%
209,gaming air fryer,%gaming%air%fryer%
209,USB_C blender,%USB_C%blender%
209,black coffee maker,%black%coffee%maker%
209,pro convection oven,%pro%convection%oven%
209,noise_cancelling sound system,%noise_cancelling%sound%system%
209,4K toaster,%4K%toaster%
209,LED refrigerator,%LED%refrigerator%
209,pro robot vacuum,%pro%robot%vacuum%
210,4K laptop,%4K%laptop%
210,touch_screen desktop PC,%touch_screen%desktop%PC%
210,smart_home camera filter,%smart_home%camera%filter%
210,LED smart scale,%LED%smart%scale%
210,black gaming headset,%black%gaming%headset%
210,4K espresso machine,%4K%espresso%machine%
211,advanced wireless router,%advanced%wireless%router%
211,ceiling lamp,%ceiling%lamp%
211,4K smart lock,%4K%smart%lock%
211,LED mini fridge,%LED%mini%fridge%
211,smart_home subwoofer,%smart_home%subwoofer%
211,advanced smartwatch,%advanced%smartwatch%
211,noise_cancelling smart home hub,%noise_cancelling%smart%home%hub%
211,smart_home smoke detector,%smart_home%smoke%detector%
211,touch_screen memory card,%touch_screen%memory%card%
211,advanced SSD,%advanced%SSD%
211,touch_screen convection oven,%touch_screen%convection%oven%
211,all_in_one game controller,%all_in_one%game%controller%
212,advanced microphone,%advanced%microphone%
212,touch_screen desktop PC,%touch_screen%desktop%PC%
212,touch_screen subwoofer,%touch_screen%subwoofer%
212,all_in_one coffee maker,%all_in_one%coffee%maker%
212,touch_screen rice cooker,%touch_screen%rice%cooker%
212,high_speed coffee maker,%high_speed%coffee%maker%
212,gaming smoke detector,%gaming%smoke%detector%
212,black tablet,%black%tablet%
212,bluetooth mirrorless camera,%bluetooth%mirrorless%camera%
213,LED electric kettle,%LED%electric%kettle%
213,gaming smoke detector,%gaming%smoke%detector%
213,eco laptop,%eco%laptop%
213,compact rice cooker,%compact%rice%cooker%
213,black smart TV,%black%smart%TV%
213,advanced SSD,%advanced%SSD%
213,professional portable charger,%professional%portable%charger%
213,pro wireless router,%pro%wireless%router%
214,professional desk lamp,%professional%desk%lamp%
214,compact dehumidifier,%compact%dehumidifier%
214,high_speed memory card,%high_speed%memory%card%
214,black humidifier,%black%humidifier%
214,smart_home tripod,%smart_home%tripod%
214,eco external hard drive,%eco%external%hard%drive%
214,gaming smoke detector,%gaming%smoke%detector%
214,bluetooth LED lamp,%bluetooth%LED%lamp%
214,4K TV,%4K%TV%
215,LED dishwasher,%LED%dishwasher%
215,compact smart light bulb,%compact%smart%light%bulb%
215,4K tripod,%4K%tripod%
215,gaming digital camera,%gaming%digital%camera%
215,ceiling lamp,%ceiling%lamp%
215,all_in_one toaster,%all_in_one%toaster%
215,advanced dryer,%advanced%dryer%
215,USB_C fitness tracker,%USB_C%fitness%tracker%
215,professional memory card,%professional%memory%card%
215,USB_C electric grill,%USB_C%electric%grill%
215,professional washing machine,%professional%washing%machine%
215,LED printer,%LED%printer%
216,noise_cancelling action camera,%noise_cancelling%action%camera%
216,eco espresso machine,%eco%espresso%machine%
216,compact rice cooker,%compact%rice%cooker%
216,LED smart scale,%LED%smart%scale%
216,bluetooth subwoofer,%bluetooth%subwoofer%
216,energy_saving OLED TV,%energy_saving%OLED%TV%
216,smart_home video doorbell,%smart_home%video%doorbell%
216,eco portable heater,%eco%portable%heater%
217,compact toaster oven,%compact%toaster%oven%
217,coffee maker,%coffee%maker%
217,black convection oven,%black%convection%oven%
217,noise_cancelling smart home hub,%noise_cancelling%smart%home%hub%
217,advanced dishwasher,%advanced%dishwasher%
217,black smoke detector,%black%smoke%detector%
217,noise_cancelling water purifier,%noise_cancelling%water%purifier%
217,water purifier,%water%purifier%
217,LED induction cooktop,%LED%induction%cooktop%
218,noise_cancelling gaming console,%noise_cancelling%gaming%console%
218,4K webcam,%4K%webcam%
218,professional studio headphones,%professional%studio%headphones%
218,touch_screen desktop PC,%touch_screen%desktop%PC%
218,professional thermostat,%professional%thermostat%
218,4K SSD,%4K%SSD%
218,USB_C juicer,%USB_C%juicer%
218,ultra coffee maker,%ultra%coffee%maker%
218,pro SSD,%pro%SSD%
218,pro scanner,%pro%scanner%
218,ultra air fryer,%ultra%air%fryer%
218,scanner,%scanner%
219,black convection oven,%black%convection%oven%
219,thermostat,%thermostat%
219,noise_cancelling action camera,%noise_cancelling%action%camera%
219,compact SSD,%compact%SSD%
219,bluetooth subwoofer,%bluetooth%subwoofer%
219,advanced webcam,%advanced%webcam%
220,LED tripod,%LED%tripod%
220,professional LED TV,%professional%LED%TV%
220,compact dehumidifier,%compact%dehumidifier%
220,advanced juicer,%advanced%juicer%
220,ultra microwave oven,%ultra%microwave%oven%
220,USB_C studio headphones,%USB_C%studio%headphones%
220,eco LED TV,%eco%LED%TV%
220,professional power bank,%professional%power%bank%
220,professional wireless headphones,%professional%wireless%headphones%
220,eco rice cooker,%eco%rice%cooker%
221,4K tripod,%4K%tripod%
221,LED TV,%LED%TV%
221,bluetooth convection oven,%bluetooth%convection%oven%
221,noise_cancelling scanner,%noise_cancelling%scanner%
221,black camera filter,%black%camera%filter%
221,high_speed smartwatch,%high_speed%smartwatch%
222,all_in_one convection oven,%all_in_one%convection%oven%
222,professional flash drive,%professional%flash%drive%
222,USB_C fitness tracker,%USB_C%fitness%tracker%
222,advanced rice cooker,%advanced%rice%cooker%
222,4K blender,%4K%blender%
222,gaming mouse,%gaming%mouse%
222,pro slow cooker,%pro%slow%cooker%
223,noise_cancelling juicer,%noise_cancelling%juicer%
223,professional wireless headphones,%professional%wireless%headphones%
223,energy_saving washing machine,%energy_saving%washing%machine%
223,pro convection oven,%pro%convection%oven%
223,compact wireless router,%compact%wireless%router%
223,smart_home 4K TV,%smart_home%4K%TV%
223,pro SSD,%pro%SSD%
223,all_in_one camera lens,%all_in_one%camera%lens%
223,LED portable charger,%LED%portable%charger%
223,4K espresso machine,%4K%espresso%machine%
224,USB_C gaming console,%USB_C%gaming%console%
224,tripod,%tripod%
224,4K gaming mouse,%4K%gaming%mouse%
224,all_in_one camera bag,%all_in_one%camera%bag%
224,energy_saving washing machine,%energy_saving%washing%machine%
225,USB_C gaming console,%USB_C%gaming%console%
225,smart_home slow cooker,%smart_home%slow%cooker%
225,gaming refrigerator,%gaming%refrigerator%
225,ultra studio headphones,%ultra%studio%headphones%
225,eco studio headphones,%eco%studio%headphones%
225,pro smart scale,%pro%smart%scale%
225,noise_cancelling SSD,%noise_cancelling%SSD%
225,black coffee maker,%black%coffee%maker%
225,compact tripod,%compact%tripod%
225,smart_home smoke detector,%smart_home%smoke%detector%
225,LED mirrorless camera,%LED%mirrorless%camera%
225,LED refrigerator,%LED%refrigerator%
225,bluetooth wireless router,%bluetooth%wireless%router%
226,bluetooth digital camera,%bluetooth%digital%camera%
226,high_speed desk lamp,%high_speed%desk%lamp%
226,high_speed slow cooker,%high_speed%slow%cooker%
226,all_in_one camera filter,%all_in_one%camera%filter%
226,professional vacuum cleaner,%professional%vacuum%cleaner%
226,all_in_one camera bag,%all_in_one%camera%bag%
226,black mini fridge,%black%mini%fridge%
226,eco external hard drive,%eco%external%hard%drive%
226,4K mirrorless camera,%4K%mirrorless%camera%
226,eco ceiling fan,%eco%ceiling%fan%
226,smart home hub,%smart%home%hub%
226,energy_saving food processor,%energy_saving%food%processor%
226,LED electric skillet,%LED%electric%skillet%
226,bluetooth mirrorless camera,%bluetooth%mirrorless%camera%
227,black QLED TV,%black%QLED%TV%
227,LED dishwasher,%LED%dishwasher%
227,high_speed soundbar,%high_speed%soundbar%
227,all_in_one mirrorless camera,%all_in_one%mirrorless%camera%
227,ultra smart lock,%ultra%smart%lock%
227,high_speed desktop PC,%high_speed%desktop%PC%
227,eco scanner,%eco%scanner%
227,LED smart earbuds,%LED%smart%earbuds%
227,LED printer,%LED%printer%
227,noise_cancelling sound system,%noise_cancelling%sound%system%
227,noise_cancelling dishwasher,%noise_cancelling%dishwasher%
228,4K soundbar,%4K%soundbar%
228,compact smart light bulb,%compact%smart%light%bulb%
228,compact slow cooker,%compact%slow%cooker%
228,4K video doorbell,%4K%video%doorbell%
228,advanced external hard drive,%advanced%external%hard%drive%
228,black humidifier,%black%humidifier%
228,USB_C LED lamp,%USB_C%LED%lamp%
228,high_speed portable charger,%high_speed%portable%charger%
228,4K thermostat,%4K%thermostat%
228,advanced vacuum cleaner,%advanced%vacuum%cleaner%
228,pro wireless router,%pro%wireless%router%
228,noise_cancelling dishwasher,%noise_cancelling%dishwasher%
228,pro robot vacuum,%pro%robot%vacuum%
229,advanced LED lamp,%advanced%LED%lamp%
229,4K webcam,%4K%webcam%
229,eco portable heater,%eco%portable%heater%
229,bluetooth electric skillet,%bluetooth%electric%skillet%
229,bluetooth fitness tracker,%bluetooth%fitness%tracker%
230,energy_saving LED TV,%energy_saving%LED%TV%
230,high_speed espresso machine,%high_speed%espresso%machine%
230,compact 4K TV,%compact%4K%TV%
230,noise_cancelling action camera,%noise_cancelling%action%camera%
230,energy_saving flash drive,%energy_saving%flash%drive%
230,gaming webcam,%gaming%webcam%
230,noise_cancelling water purifier,%noise_cancelling%water%purifier%
231,energy_saving LED TV,%energy_saving%LED%TV%
231,noise_cancelling gaming mouse,%noise_cancelling%gaming%mouse%
231,4K home theater,%4K%home%theater%
231,smart_home slow cooker,%smart_home%slow%cooker%
231,smart_home digital camera,%smart_home%digital%camera%
231,advanced microwave oven,%advanced%microwave%oven%
231,gaming video doorbell,%gaming%video%doorbell%
231,refrigerator,%refrigerator%
231,smart_home toaster,%smart_home%toaster%
231,humidifier,%humidifier%
231,eco blender,%eco%blender%
231,all_in_one fan,%all_in_one%fan%
231,smart_home camera lens,%smart_home%camera%lens%
231,eco QLED TV,%eco%QLED%TV%
232,touch_screen toaster,%touch_screen%toaster%
232,bluetooth smart lock,%bluetooth%smart%lock%
232,LED smart TV,%LED%smart%TV%
232,gaming console,%gaming%console%
232,high_speed espresso machine,%high_speed%espresso%machine%
232,compact ceiling lamp,%compact%ceiling%lamp%
232,professional memory card,%professional%memory%card%
232,smart_home digital camera,%smart_home%digital%camera%
232,pro electric grill,%pro%electric%grill%
232,USB_C portable heater,%USB_C%portable%heater%
232,professional washing machine,%professional%washing%machine%
232,USB_C food processor,%USB_C%food%processor%
232,microphone,%microphone%
232,smart_home fitness tracker,%smart_home%fitness%tracker%
233,bluetooth security camera,%bluetooth%security%camera%
233,high_speed ice maker,%high_speed%ice%maker%
233,ceiling lamp,%ceiling%lamp%
233,advanced external hard drive,%advanced%external%hard%drive%
233,energy_saving external hard drive,%energy_saving%external%hard%drive%
233,high_speed gaming headset,%high_speed%gaming%headset%
233,noise_cancelling external hard drive,%noise_cancelling%external%hard%drive%
233,smart_home smoke detector,%smart_home%smoke%detector%
233,high_speed power bank,%high_speed%power%bank%
234,professional LED TV,%professional%LED%TV%
234,energy_saving electric skillet,%energy_saving%electric%skillet%
234,touch_screen mini fridge,%touch_screen%mini%fridge%
234,black microwave oven,%black%microwave%oven%
234,eco portable charger,%eco%portable%charger%
234,4K smart TV,%4K%smart%TV%
234,USB_C portable charger,%USB_C%portable%charger%
234,energy_saving smartwatch,%energy_saving%smartwatch%
234,ultra espresso machine,%ultra%espresso%machine%
234,LED ceiling lamp,%LED%ceiling%lamp%
235,compact security camera,%compact%security%camera%
235,coffee maker,%coffee%maker%
235,high_speed scanner,%high_speed%scanner%
235,smart_home washing machine,%smart_home%washing%machine%
235,pro tripod,%pro%tripod%
235,noise_cancelling OLED TV,%noise_cancelling%OLED%TV%
235,touch_screen memory card,%touch_screen%memory%card%
235,touch_screen digital camera,%touch_screen%digital%camera%
235,bluetooth mirrorless camera,%bluetooth%mirrorless%camera%
235,advanced webcam,%advanced%webcam%
235,air fryer,%air%fryer%
236,4K soundbar,%4K%soundbar%
236,professional desk lamp,%professional%desk%lamp%
236,eco camera lens,%eco%camera%lens%
236,all_in_one convection oven,%all_in_one%convection%oven%
236,compact smart lock,%compact%smart%lock%
236,bluetooth humidifier,%bluetooth%humidifier%
236,high_speed gaming console,%high_speed%gaming%console%
236,eco espresso machine,%eco%espresso%machine%
236,4K SSD,%4K%SSD%
236,professional dehumidifier,%professional%dehumidifier%
236,4K toaster,%4K%toaster%
236,bluetooth webcam,%bluetooth%webcam%
237,USB_C electric grill,%USB_C%electric%grill%
237,black convection oven,%black%convection%oven%
237,gaming game controller,%gaming%game%controller%
237,all_in_one studio headphones,%all_in_one%studio%headphones%
237,advanced smart light bulb,%advanced%smart%light%bulb%
237,bluetooth gaming console,%bluetooth%gaming%console%
237,USB_C rice cooker,%USB_C%rice%cooker%
237,bluetooth subwoofer,%bluetooth%subwoofer%
237,eco ceiling fan,%eco%ceiling%fan%
237,touch_screen camcorder,%touch_screen%camcorder%
237,smart_home fitness tracker,%smart_home%fitness%tracker%
238,professional desk lamp,%professional%desk%lamp%
238,USB_C gaming headset,%USB_C%gaming%headset%
238,LED TV,%LED%TV%
238,professional gaming headset,%professional%gaming%headset%
238,eco studio headphones,%eco%studio%headphones%
238,4K blender,%4K%blender%
238,4K thermostat,%4K%thermostat%
238,professional portable charger,%professional%portable%charger%
238,humidifier,%humidifier%
238,black coffee maker,%black%coffee%maker%
238,smart_home smoke detector,%smart_home%smoke%detector%
238,ultra air fryer,%ultra%air%fryer%
238,eco portable heater,%eco%portable%heater%
239,all_in_one camera filter,%all_in_one%camera%filter%
239,4K memory card,%4K%memory%card%
239,black mini fridge,%black%mini%fridge%
239,eco desktop PC,%eco%desktop%PC%
239,noise_cancelling sound system,%noise_cancelling%sound%system%
239,smart_home camera lens,%smart_home%camera%lens%
239,4K water purifier,%4K%water%purifier%
240,advanced wireless router,%advanced%wireless%router%
240,bluetooth portable heater,%bluetooth%portable%heater%
240,USB_C convection oven,%USB_C%convection%oven%
240,high_speed smoke detector,%high_speed%smoke%detector%
240,black convection oven,%black%convection%oven%
240,high_speed camera bag,%high_speed%camera%bag%
240,all_in_one coffee maker,%all_in_one%coffee%maker%
240,professional portable charger,%professional%portable%charger%
240,USB_C smart earbuds,%USB_C%smart%earbuds%
241,compact toaster oven,%compact%toaster%oven%
241,eco air purifier,%eco%air%purifier%
241,compact security camera,%compact%security%camera%
241,high_speed smoke detector,%high_speed%smoke%detector%
241,smart_home laptop,%smart_home%laptop%
241,ultra smartwatch,%ultra%smartwatch%
241,energy_saving espresso machine,%energy_saving%espresso%machine%
241,high_speed microwave oven,%high_speed%microwave%oven%
241,all_in_one home theater,%all_in_one%home%theater%
241,noise_cancelling external hard drive,%noise_cancelling%external%hard%drive%
241,ultra espresso machine,%ultra%espresso%machine%
241,compact refrigerator,%compact%refrigerator%
242,high_speed slow cooker,%high_speed%slow%cooker%
242,ultra microwave oven,%ultra%microwave%oven%
242,LED TV,%LED%TV%
242,advanced external hard drive,%advanced%external%hard%drive%
242,energy_saving mirrorless camera,%energy_saving%mirrorless%camera%
242,black convection oven,%black%convection%oven%
242,gaming video doorbell,%gaming%video%doorbell%
242,pro scanner,%pro%scanner%
242,USB_C desktop PC,%USB_C%desktop%PC%
242,compact fan,%compact%fan%
242,eco QLED TV,%eco%QLED%TV%
242,black dehumidifier,%black%dehumidifier%
242,LED wireless headphones,%LED%wireless%headphones%
243,high_speed desk lamp,%high_speed%desk%lamp%
243,advanced smart earbuds,%advanced%smart%earbuds%
243,black camera bag,%black%camera%bag%
243,USB_C camcorder,%USB_C%camcorder%
243,bluetooth desktop PC,%bluetooth%desktop%PC%
243,black mini fridge,%black%mini%fridge%
243,eco electric kettle,%eco%electric%kettle%
243,smart_home toaster,%smart_home%toaster%
243,eco external hard drive,%eco%external%hard%drive%
243,eco gaming headset,%eco%gaming%headset%
243,black ice maker,%black%ice%maker%
243,professional smart TV,%professional%smart%TV%
243,touch_screen convection oven,%touch_screen%convection%oven%
243,smart_home video doorbell,%smart_home%video%doorbell%
243,professional electric kettle,%professional%electric%kettle%
244,noise_cancelling air fryer,%noise_cancelling%air%fryer%
244,compact slow cooker,%compact%slow%cooker%
244,all_in_one water purifier,%all_in_one%water%purifier%
244,LED smart light bulb,%LED%smart%light%bulb%
244,gaming air fryer,%gaming%air%fryer%
244,ultra mini fridge,%ultra%mini%fridge%
244,ultra wireless router,%ultra%wireless%router%
244,high_speed microwave oven,%high_speed%microwave%oven%
244,noise_cancelling external hard drive,%noise_cancelling%external%hard%drive%
244,noise_cancelling dishwasher,%noise_cancelling%dishwasher%
244,bluetooth wireless router,%bluetooth%wireless%router%
245,QLED TV,%QLED%TV%
245,pro external hard drive,%pro%external%hard%drive%
245,eco mechanical keyboard,%eco%mechanical%keyboard%
245,professional desk lamp,%professional%desk%lamp%
245,4K video doorbell,%4K%video%doorbell%
245,touch_screen thermostat,%touch_screen%thermostat%
245,noise_cancelling juicer,%noise_cancelling%juicer%
245,high_speed gaming console,%high_speed%gaming%console%
245,USB_C gaming console,%USB_C%gaming%console%
245,touch_screen sound system,%touch_screen%sound%system%
245,compact smartwatch,%compact%smartwatch%
245,professional water purifier,%professional%water%purifier%
245,compact memory card,%compact%memory%card%
245,high_speed QLED TV,%high_speed%QLED%TV%
246,all_in_one toaster,%all_in_one%toaster%
246,energy_saving ceiling lamp,%energy_saving%ceiling%lamp%
246,pro dishwasher,%pro%dishwasher%
246,advanced rice cooker,%advanced%rice%cooker%
246,eco desktop PC,%eco%desktop%PC%
246,black coffee maker,%black%coffee%maker%
246,eco blender,%eco%blender%
246,compact tripod,%compact%tripod%
246,noise_cancelling water purifier,%noise_cancelling%water%purifier%
246,pro scanner,%pro%scanner%
246,advanced camcorder,%advanced%camcorder%
247,professional sound system,%professional%sound%system%
247,energy_saving external hard drive,%energy_saving%external%hard%drive%
247,advanced microphone,%advanced%microphone%
247,soundbar,%soundbar%
247,touch_screen digital camera,%touch_screen%digital%camera%
247,eco SSD,%eco%SSD%
247,smoke detector,%smoke%detector%
248,compact security camera,%compact%security%camera%
248,USB_C flash drive,%USB_C%flash%drive%
248,advanced external hard drive,%advanced%external%hard%drive%
248,high_speed camera lens,%high_speed%camera%lens%
248,advanced microwave oven,%advanced%microwave%oven%
248,eco studio headphones,%eco%studio%headphones%
248,ultra wireless router,%ultra%wireless%router%
248,eco electric kettle,%eco%electric%kettle%
248,touch_screen rice cooker,%touch_screen%rice%cooker%
248,ultra external hard drive,%ultra%external%hard%drive%
248,all_in_one desk lamp,%all_in_one%desk%lamp%
248,noise_cancelling SSD,%noise_cancelling%SSD%
248,all_in_one water purifier,%all_in_one%water%purifier%
249,LED dishwasher,%LED%dishwasher%
249,smart_home espresso machine,%smart_home%espresso%machine%
249,LED electric kettle,%LED%electric%kettle%
249,USB_C fitness tracker,%USB_C%fitness%tracker%
249,high_speed flash drive,%high_speed%flash%drive%
249,gaming game controller,%gaming%game%controller%
249,eco food processor,%eco%food%processor%
249,touch_screen soundbar,%touch_screen%soundbar%
249,noise_cancelling air purifier,%noise_cancelling%air%purifier%
249,4K smart home hub,%4K%smart%home%hub%
250,smart_home slow cooker,%smart_home%slow%cooker%
250,all_in_one camera filter,%all_in_one%camera%filter%
250,gaming video doorbell,%gaming%video%doorbell%
250,advanced camera bag,%advanced%camera%bag%
250,all_in_one projector,%all_in_one%projector%
250,high_speed humidifier,%high_speed%humidifier%
251,compact 4K TV,%compact%4K%TV%
251,USB_C electric grill,%USB_C%electric%grill%
251,high_speed portable charger,%high_speed%portable%charger%
251,4K SSD,%4K%SSD%
251,gaming webcam,%gaming%webcam%
251,4K game controller,%4K%game%controller%
251,high_speed coffee maker,%high_speed%coffee%maker%
251,bluetooth blender,%bluetooth%blender%
251,noise_cancelling printer,%noise_cancelling%printer%
252,4K floor lamp,%4K%floor%lamp%
252,LED external hard drive,%LED%external%hard%drive%
252,all_in_one camcorder,%all_in_one%camcorder%
252,compact 4K TV,%compact%4K%TV%
252,smart_home humidifier,%smart_home%humidifier%
252,touch_screen subwoofer,%touch_screen%subwoofer%
252,advanced smartwatch,%advanced%smartwatch%
252,compact smartwatch,%compact%smartwatch%
252,bluetooth fan,%bluetooth%fan%
252,ultra action camera,%ultra%action%camera%
252,ultra convection oven,%ultra%convection%oven%
252,energy_saving slow cooker,%energy_saving%slow%cooker%
252,eco SSD,%eco%SSD%
252,black dehumidifier,%black%dehumidifier%
252,touch_screen camcorder,%touch_screen%camcorder%
253,advanced dryer,%advanced%dryer%
253,energy_saving juicer,%energy_saving%juicer%
253,advanced wireless headphones,%advanced%wireless%headphones%
253,bluetooth gaming console,%bluetooth%gaming%console%
253,touch_screen camcorder,%touch_screen%camcorder%
254,professional sound system,%professional%sound%system%
254,ceiling lamp,%ceiling%lamp%
254,pro portable charger,%pro%portable%charger%
254,all_in_one gaming headset,%all_in_one%gaming%headset%
254,noise_cancelling dehumidifier,%noise_cancelling%dehumidifier%
254,touch_screen convection oven,%touch_screen%convection%oven%
254,smoke detector,%smoke%detector%
254,air fryer,%air%fryer%
255,pro humidifier,%pro%humidifier%
255,gaming SSD,%gaming%SSD%
255,all_in_one tablet,%all_in_one%tablet%
255,touch_screen gaming console,%touch_screen%gaming%console%
255,professional camera lens,%professional%camera%lens%
255,eco dryer,%eco%dryer%
255,energy_saving action camera,%energy_saving%action%camera%
255,ultra espresso machine,%ultra%espresso%machine%
255,USB_C smart earbuds,%USB_C%smart%earbuds%
256,touch_screen toaster,%touch_screen%toaster%
256,smart_home espresso machine,%smart_home%espresso%machine%
256,4K digital camera,%4K%digital%camera%
256,compact game controller,%compact%game%controller%
256,noise_cancelling SSD,%noise_cancelling%SSD%
256,smart_home camera lens,%smart_home%camera%lens%
256,water purifier,%water%purifier%
257,USB_C OLED TV,%USB_C%OLED%TV%
257,4K webcam,%4K%webcam%
257,eco smart TV,%eco%smart%TV%
257,high_speed camera lens,%high_speed%camera%lens%
257,soundbar,%soundbar%
258,all_in_one video doorbell,%all_in_one%video%doorbell%
258,compact 4K TV,%compact%4K%TV%
258,high_speed memory card,%high_speed%memory%card%
258,USB_C camcorder,%USB_C%camcorder%
258,compact camera filter,%compact%camera%filter%
258,eco portable charger,%eco%portable%charger%
258,LED microwave oven,%LED%microwave%oven%
258,USB_C portable heater,%USB_C%portable%heater%
258,4K SSD,%4K%SSD%
258,noise_cancelling sound system,%noise_cancelling%sound%system%
258,smart_home camera lens,%smart_home%camera%lens%
258,all_in_one power bank,%all_in_one%power%bank%
258,compact refrigerator,%compact%refrigerator%
259,4K laptop,%4K%laptop%
259,advanced external hard drive,%advanced%external%hard%drive%
259,touch_screen desktop PC,%touch_screen%desktop%PC%
259,energy_saving mini fridge,%energy_saving%mini%fridge%
259,gaming smartwatch,%gaming%smartwatch%
259,USB_C desktop PC,%USB_C%desktop%PC%
259,ultra coffee maker,%ultra%coffee%maker%
259,USB_C espresso machine,%USB_C%espresso%machine%
259,black dehumidifier,%black%dehumidifier%
259,LED wireless headphones,%LED%wireless%headphones%
260,professional LED TV,%professional%LED%TV%
260,LED soundbar,%LED%soundbar%
260,professional gaming headset,%professional%gaming%headset%
260,gaming electric grill,%gaming%electric%grill%
260,ultra smart lock,%ultra%smart%lock%
260,USB_C blender,%USB_C%blender%
260,eco espresso machine,%eco%espresso%machine%
260,eco desktop PC,%eco%desktop%PC%
260,ultra external hard drive,%ultra%external%hard%drive%
260,eco soundbar,%eco%soundbar%
260,energy_saving flash drive,%energy_saving%flash%drive%
260,advanced vacuum cleaner,%advanced%vacuum%cleaner%
260,4K game controller,%4K%game%controller%
260,high_speed coffee maker,%high_speed%coffee%maker%
260,air fryer,%air%fryer%
261,all_in_one smartwatch,%all_in_one%smartwatch%
261,USB_C gaming headset,%USB_C%gaming%headset%
261,touch_screen rice cooker,%touch_screen%rice%cooker%
261,eco desktop PC,%eco%desktop%PC%
261,microphone,%microphone%
262,black QLED TV,%black%QLED%TV%
262,4K soundbar,%4K%soundbar%
262,energy_saving electric skillet,%energy_saving%electric%skillet%
262,all_in_one video doorbell,%all_in_one%video%doorbell%
262,high_speed flash drive,%high_speed%flash%drive%
262,smart_home game controller,%smart_home%game%controller%
262,high_speed portable charger,%high_speed%portable%charger%
262,pro smart scale,%pro%smart%scale%
262,black ice maker,%black%ice%maker%
262,4K projector,%4K%projector%
262,energy_saving video doorbell,%energy_saving%video%doorbell%
262,scanner,%scanner%
262,LED electric grill,%LED%electric%grill%
263,eco thermostat,%eco%thermostat%
263,LED TV,%LED%TV%
263,compact washing machine,%compact%washing%machine%
263,high_speed camera bag,%high_speed%camera%bag%
263,4K digital camera,%4K%digital%camera%
263,smart_home camera lens,%smart_home%camera%lens%
264,all_in_one camera bag,%all_in_one%camera%bag%
264,smart_home laptop,%smart_home%laptop%
264,ultra wireless router,%ultra%wireless%router%
264,eco induction cooktop,%eco%induction%cooktop%
264,eco OLED TV,%eco%OLED%TV%
264,black smoke detector,%black%smoke%detector%
264,all_in_one camera lens,%all_in_one%camera%lens%
264,ultra air fryer,%ultra%air%fryer%
264,LED induction cooktop,%LED%induction%cooktop%
265,4K soundbar,%4K%soundbar%
265,eco air purifier,%eco%air%purifier%
265,high_speed desk lamp,%high_speed%desk%lamp%
265,all_in_one camcorder,%all_in_one%camcorder%
265,USB_C electric grill,%USB_C%electric%grill%
265,noise_cancelling mechanical keyboard,%noise_cancelling%mechanical%keyboard%
265,advanced electric grill,%advanced%electric%grill%
265,4K smart TV,%4K%smart%TV%
265,energy_saving washing machine,%energy_saving%washing%machine%
265,all_in_one desk lamp,%all_in_one%desk%lamp%
265,portable charger,%portable%charger%
265,smart_home video doorbell,%smart_home%video%doorbell%
265,advanced camcorder,%advanced%camcorder%
266,smart_home ceiling fan,%smart_home%ceiling%fan%
266,advanced mirrorless camera,%advanced%mirrorless%camera%
266,ultra microwave oven,%ultra%microwave%oven%
266,bluetooth convection oven,%bluetooth%convection%oven%
266,high_speed flash drive,%high_speed%flash%drive%
266,high_speed humidifier,%high_speed%humidifier%
266,LED camera filter,%LED%camera%filter%
266,smart_home camera filter,%smart_home%camera%filter%
266,smart_home smoke detector,%smart_home%smoke%detector%
266,noise_cancelling dryer,%noise_cancelling%dryer%
266,eco portable heater,%eco%portable%heater%
267,USB_C humidifier,%USB_C%humidifier%
267,4K smart lock,%4K%smart%lock%
267,advanced rice cooker,%advanced%rice%cooker%
267,gaming refrigerator,%gaming%refrigerator%
267,compact camera filter,%compact%camera%filter%
267,bluetooth fan,%bluetooth%fan%
267,compact laptop,%compact%laptop%
267,black laptop,%black%laptop%
267,bluetooth power bank,%bluetooth%power%bank%
267,energy_saving washing machine,%energy_saving%washing%machine%
267,compact SSD,%compact%SSD%
267,black smart TV,%black%smart%TV%
267,ultra humidifier,%ultra%humidifier%
267,energy_saving food processor,%energy_saving%food%processor%
267,noise_cancelling dishwasher,%noise_cancelling%dishwasher%
268,USB_C humidifier,%USB_C%humidifier%
268,advanced external hard drive,%advanced%external%hard%drive%
268,energy_saving microphone,%energy_saving%microphone%
268,LED TV,%LED%TV%
268,all_in_one camera filter,%all_in_one%camera%filter%
268,gaming video doorbell,%gaming%video%doorbell%
268,eco portable charger,%eco%portable%charger%
268,ultra smartwatch,%ultra%smartwatch%
268,energy_saving air fryer,%energy_saving%air%fryer%
268,gaming mouse,%gaming%mouse%
268,bluetooth induction cooktop,%bluetooth%induction%cooktop%
268,gaming webcam,%gaming%webcam%
268,pro wireless router,%pro%wireless%router%
269,gaming console,%gaming%console%
269,USB_C gaming console,%USB_C%gaming%console%
269,compact dehumidifier,%compact%dehumidifier%
269,professional studio headphones,%professional%studio%headphones%
269,compact refrigerator,%compact%refrigerator%
269,ultra fitness tracker,%ultra%fitness%tracker%
269,pro electric grill,%pro%electric%grill%
269,touch_screen flash drive,%touch_screen%flash%drive%
269,black smart TV,%black%smart%TV%
269,bluetooth subwoofer,%bluetooth%subwoofer%
269,gaming webcam,%gaming%webcam%
269,smart_home camera lens,%smart_home%camera%lens%
269,USB_C desktop PC,%USB_C%desktop%PC%
269,eco flash drive,%eco%flash%drive%
269,4K air purifier,%4K%air%purifier%
270,ultra laptop,%ultra%laptop%
270,compact 4K TV,%compact%4K%TV%
270,energy_saving microphone,%energy_saving%microphone%
270,black digital camera,%black%digital%camera%
270,high_speed scanner,%high_speed%scanner%
270,LED printer,%LED%printer%
270,ultra external hard drive,%ultra%external%hard%drive%
270,4K SSD,%4K%SSD%
270,smart_home camera lens,%smart_home%camera%lens%
270,4K ice maker,%4K%ice%maker%
270,advanced vacuum cleaner,%advanced%vacuum%cleaner%
270,pro SSD,%pro%SSD%
270,eco SSD,%eco%SSD%
270,bluetooth webcam,%bluetooth%webcam%
271,compact smart light bulb,%compact%smart%light%bulb%
271,USB_C humidifier,%USB_C%humidifier%
271,pro QLED TV,%pro%QLED%TV%
271,noise_cancelling mechanical keyboard,%noise_cancelling%mechanical%keyboard%
271,touch_screen flash drive,%touch_screen%flash%drive%
271,smart lock,%smart%lock%
271,USB_C power bank,%USB_C%power%bank%
271,noise_cancelling external hard drive,%noise_cancelling%external%hard%drive%
271,pro slow cooker,%pro%slow%cooker%
272,LED tripod,%LED%tripod%
272,advanced air purifier,%advanced%air%purifier%
272,touch_screen printer,%touch_screen%printer%
272,USB_C subwoofer,%USB_C%subwoofer%
272,ultra microwave oven,%ultra%microwave%oven%
272,high_speed desktop PC,%high_speed%desktop%PC%
272,professional camera lens,%professional%camera%lens%
272,noise_cancelling LED lamp,%noise_cancelling%LED%lamp%
272,digital camera,%digital%camera%
272,black air fryer,%black%air%fryer%
272,advanced ceiling lamp,%advanced%ceiling%lamp%
272,all_in_one fan,%all_in_one%fan%
272,bluetooth smart light bulb,%bluetooth%smart%light%bulb%
272,4K juicer,%4K%juicer%
272,bluetooth LED lamp,%bluetooth%LED%lamp%
273,advanced wireless router,%advanced%wireless%router%
273,professional smart home hub,%professional%smart%home%hub%
273,smart_home power bank,%smart_home%power%bank%
273,professional slow cooker,%professional%slow%cooker%
273,USB_C portable heater,%USB_C%portable%heater%
273,noise_cancelling external hard drive,%noise_cancelling%external%hard%drive%
273,compact fan,%compact%fan%
273,bluetooth mirrorless camera,%bluetooth%mirrorless%camera%
274,gaming convection oven,%gaming%convection%oven%
274,advanced 4K TV,%advanced%4K%TV%
274,compact handheld vacuum,%compact%handheld%vacuum%
274,black mini fridge,%black%mini%fridge%
274,touch_screen floor lamp,%touch_screen%floor%lamp%
274,4K ice maker,%4K%ice%maker%
274,black gaming headset,%black%gaming%headset%
274,energy_saving food processor,%energy_saving%food%processor%
275,LED smart TV,%LED%smart%TV%
275,bluetooth portable heater,%bluetooth%portable%heater%
275,high_speed mechanical keyboard,%high_speed%mechanical%keyboard%
275,compact ceiling lamp,%compact%ceiling%lamp%
275,pro humidifier,%pro%humidifier%
275,pro dishwasher,%pro%dishwasher%
275,professional humidifier,%professional%humidifier%
275,compact espresso machine,%compact%espresso%machine%
275,energy_saving espresso machine,%energy_saving%espresso%machine%
275,eco dryer,%eco%dryer%
275,smart lock,%smart%lock%
275,compact wireless router,%compact%wireless%router%
275,black smoke detector,%black%smoke%detector%
275,bluetooth blender,%bluetooth%blender%
275,USB_C rice cooker,%USB_C%rice%cooker%
276,compact security camera,%compact%security%camera%
276,smart_home toaster,%smart_home%toaster%
276,eco external hard drive,%eco%external%hard%drive%
276,compact webcam,%compact%webcam%
276,black ice maker,%black%ice%maker%
277,slow cooker,%slow%cooker%
277,compact smart lock,%compact%smart%lock%
277,high_speed robot vacuum,%high_speed%robot%vacuum%
277,eco laptop,%eco%laptop%
277,noise_cancelling action camera,%noise_cancelling%action%camera%
277,black air fryer,%black%air%fryer%
277,professional dehumidifier,%professional%dehumidifier%
277,energy_saving scanner,%energy_saving%scanner%
277,high_speed QLED TV,%high_speed%QLED%TV%
278,bluetooth fitness tracker,%bluetooth%fitness%tracker%
278,energy_saving external hard drive,%energy_saving%external%hard%drive%
278,compact espresso machine,%compact%espresso%machine%
278,noise_cancelling scanner,%noise_cancelling%scanner%
278,professional water purifier,%professional%water%purifier%
278,professional slow cooker,%professional%slow%cooker%
278,touch_screen flash drive,%touch_screen%flash%drive%
278,high_speed electric kettle,%high_speed%electric%kettle%
279,smart_home game controller,%smart_home%game%controller%
279,advanced 4K TV,%advanced%4K%TV%
279,noise_cancelling mechanical keyboard,%noise_cancelling%mechanical%keyboard%
279,touch_screen blender,%touch_screen%blender%
279,smart_home toaster oven,%smart_home%toaster%oven%
279,smoke detector,%smoke%detector%
279,noise_cancelling flash drive,%noise_cancelling%flash%drive%
280,black QLED TV,%black%QLED%TV%
280,eco camera bag,%eco%camera%bag%
280,LED smart TV,%LED%smart%TV%
280,bluetooth mechanical keyboard,%bluetooth%mechanical%keyboard%
280,smart_home digital camera,%smart_home%digital%camera%
280,high_speed scanner,%high_speed%scanner%
280,advanced camera bag,%advanced%camera%bag%
280,bluetooth water purifier,%bluetooth%water%purifier%
280,compact subwoofer,%compact%subwoofer%
280,noise_cancelling smart home hub,%noise_cancelling%smart%home%hub%
280,4K projector,%4K%projector%
280,smart_home video doorbell,%smart_home%video%doorbell%
280,LED refrigerator,%LED%refrigerator%
281,advanced camera filter,%advanced%camera%filter%
281,compact espresso machine,%compact%espresso%machine%
281,digital camera,%digital%camera%
281,noise_cancelling OLED TV,%noise_cancelling%OLED%TV%
281,4K studio headphones,%4K%studio%headphones%
282,all_in_one convection oven,%all_in_one%convection%oven%
282,sound system,%sound%system%
282,eco fitness tracker,%eco%fitness%tracker%
282,noise_cancelling scanner,%noise_cancelling%scanner%
282,high_speed desktop PC,%high_speed%desktop%PC%
282,USB_C smart earbuds,%USB_C%smart%earbuds%
282,energy_saving flash drive,%energy_saving%flash%drive%
282,compact flash drive,%compact%flash%drive%
282,LED game controller,%LED%game%controller%
282,eco smart scale,%eco%smart%scale%
282,noise_cancelling wireless headphones,%noise_cancelling%wireless%headphones%
282,energy_saving OLED TV,%energy_saving%OLED%TV%
282,pro portable heater,%pro%portable%heater%
282,gaming smart light bulb,%gaming%smart%light%bulb%
282,eco portable heater,%eco%portable%heater%
283,4K soundbar,%4K%soundbar%
283,advanced camera filter,%advanced%camera%filter%
283,LED microwave oven,%LED%microwave%oven%
283,compact laptop,%compact%laptop%
283,smart_home laptop,%smart_home%laptop%
283,humidifier,%humidifier%
283,noise_cancelling OLED TV,%noise_cancelling%OLED%TV%
283,professional dehumidifier,%professional%dehumidifier%
283,bluetooth mirrorless camera,%bluetooth%mirrorless%camera%
284,4K soundbar,%4K%soundbar%
284,noise_cancelling juicer,%noise_cancelling%juicer%
284,eco mechanical keyboard,%eco%mechanical%keyboard%
284,gaming smartwatch,%gaming%smartwatch%
284,LED handheld vacuum,%LED%handheld%vacuum%
284,4K smart home hub,%4K%smart%home%hub%
284,ultra camera bag,%ultra%camera%bag%
284,USB_C power bank,%USB_C%power%bank%
284,energy_saving smartwatch,%energy_saving%smartwatch%
284,pro portable heater,%pro%portable%heater%
284,4K air purifier,%4K%air%purifier%
284,bluetooth fitness tracker,%bluetooth%fitness%tracker%
285,touch_screen printer,%touch_screen%printer%
285,eco LED TV,%eco%LED%TV%
285,LED convection oven,%LED%convection%oven%
285,energy_saving mini fridge,%energy_saving%mini%fridge%
285,humidifier,%humidifier%
286,high_speed fan,%high_speed%fan%
286,tripod,%tripod%
286,professional humidifier,%professional%humidifier%
286,professional water purifier,%professional%water%purifier%
286,all_in_one smart scale,%all_in_one%smart%scale%
287,gaming wireless headphones,%gaming%wireless%headphones%
287,high_speed fan,%high_speed%fan%
287,high_speed rice cooker,%high_speed%rice%cooker%
287,professional smart home hub,%professional%smart%home%hub%
287,compact OLED TV,%compact%OLED%TV%
287,4K gaming mouse,%4K%gaming%mouse%
287,compact wireless router,%compact%wireless%router%
287,energy_saving flash drive,%energy_saving%flash%drive%
287,bluetooth mirrorless camera,%bluetooth%mirrorless%camera%
287,scanner,%scanner%
288,bluetooth digital camera,%bluetooth%digital%camera%
288,professional power bank,%professional%power%bank%
288,eco smart TV,%eco%smart%TV%
288,touch_screen rice cooker,%touch_screen%rice%cooker%
288,all_in_one electric grill,%all_in_one%electric%grill%
288,compact game controller,%compact%game%controller%
288,bluetooth subwoofer,%bluetooth%subwoofer%
288,compact fan,%compact%fan%
288,smart_home water purifier,%smart_home%water%purifier%
288,advanced dishwasher,%advanced%dishwasher%
288,water purifier,%water%purifier%
288,ultra dehumidifier,%ultra%dehumidifier%
288,4K TV,%4K%TV%
289,gaming digital camera,%gaming%digital%camera%
289,energy_saving ceiling lamp,%energy_saving%ceiling%lamp%
289,black camera bag,%black%camera%bag%
289,energy_saving juicer,%energy_saving%juicer%
289,compact camera filter,%compact%camera%filter%
289,bluetooth fan,%bluetooth%fan%
289,bluetooth induction cooktop,%bluetooth%induction%cooktop%
289,4K humidifier,%4K%humidifier%
289,professional food processor,%professional%food%processor%
290,eco LED TV,%eco%LED%TV%
290,eco studio headphones,%eco%studio%headphones%
290,bluetooth power bank,%bluetooth%power%bank%
290,4K mirrorless camera,%4K%mirrorless%camera%
290,energy_saving action camera,%energy_saving%action%camera%
290,noise_cancelling dehumidifier,%noise_cancelling%dehumidifier%
290,pro wireless router,%pro%wireless%router%
291,4K soundbar,%4K%soundbar%
291,USB_C camera filter,%USB_C%camera%filter%
291,touch_screen thermostat,%touch_screen%thermostat%
291,USB_C studio headphones,%USB_C%studio%headphones%
291,professional wireless headphones,%professional%wireless%headphones%
291,advanced smoke detector,%advanced%smoke%detector%
291,compact handheld vacuum,%compact%handheld%vacuum%
291,pro electric grill,%pro%electric%grill%
291,touch_screen gaming console,%touch_screen%gaming%console%
291,all_in_one coffee maker,%all_in_one%coffee%maker%
291,USB_C blender,%USB_C%blender%
291,compact rice cooker,%compact%rice%cooker%
291,black smoke detector,%black%smoke%detector%
291,energy_saving food processor,%energy_saving%food%processor%
291,noise_cancelling flash drive,%noise_cancelling%flash%drive%
292,LED dishwasher,%LED%dishwasher%
292,professional gaming headset,%professional%gaming%headset%
292,smart_home mirrorless camera,%smart_home%mirrorless%camera%
292,USB_C camcorder,%USB_C%camcorder%
292,professional vacuum cleaner,%professional%vacuum%cleaner%
292,bluetooth speaker,%bluetooth%speaker%
292,all_in_one mirrorless camera,%all_in_one%mirrorless%camera%
292,gaming electric grill,%gaming%electric%grill%
292,compact laptop,%compact%laptop%
292,eco external hard drive,%eco%external%hard%drive%
292,energy_saving video doorbell,%energy_saving%video%doorbell%
292,pro slow cooker,%pro%slow%cooker%
293,4K floor lamp,%4K%floor%lamp%
293,eco smart home hub,%eco%smart%home%hub%
293,advanced microwave oven,%advanced%microwave%oven%
293,pro camera lens,%pro%camera%lens%
293,eco espresso machine,%eco%espresso%machine%
293,LED printer,%LED%printer%
293,pro scanner,%pro%scanner%
294,energy_saving QLED TV,%energy_saving%QLED%TV%
294,high_speed espresso machine,%high_speed%espresso%machine%
294,touch_screen external hard drive,%touch_screen%external%hard%drive%
294,compact ceiling lamp,%compact%ceiling%lamp%
294,compact washing machine,%compact%washing%machine%
294,advanced microwave oven,%advanced%microwave%oven%
294,compact handheld vacuum,%compact%handheld%vacuum%
294,ultra studio headphones,%ultra%studio%headphones%
294,4K SSD,%4K%SSD%
294,touch_screen soundbar,%touch_screen%soundbar%
294,ultra convection oven,%ultra%convection%oven%
294,bluetooth subwoofer,%bluetooth%subwoofer%
294,digital camera,%digital%camera%
294,touch_screen smoke detector,%touch_screen%smoke%detector%
295,smart_home espresso machine,%smart_home%espresso%machine%
295,noise_cancelling video doorbell,%noise_cancelling%video%doorbell%
295,coffee maker,%coffee%maker%
295,ultra smartwatch,%ultra%smartwatch%
295,USB_C espresso machine,%USB_C%espresso%machine%
295,ultra air fryer,%ultra%air%fryer%
296,bluetooth smart lock,%bluetooth%smart%lock%
296,high_speed slow cooker,%high_speed%slow%cooker%
296,high_speed smoke detector,%high_speed%smoke%detector%
296,energy_saving washing machine,%energy_saving%washing%machine%
296,all_in_one desk lamp,%all_in_one%desk%lamp%
296,eco OLED TV,%eco%OLED%TV%
296,ultra espresso machine,%ultra%espresso%machine%
296,ultra air fryer,%ultra%air%fryer%
296,4K juicer,%4K%juicer%
297,professional camera bag,%professional%camera%bag%
297,USB_C flash drive,%USB_C%flash%drive%
297,compact smartwatch,%compact%smartwatch%
297,eco espresso machine,%eco%espresso%machine%
297,eco induction cooktop,%eco%induction%cooktop%
297,compact SSD,%compact%SSD%
297,all_in_one smart scale,%all_in_one%smart%scale%
297,gaming smoke detector,%gaming%smoke%detector%
297,noise_cancelling air purifier,%noise_cancelling%air%purifier%
297,4K smart home hub,%4K%smart%home%hub%
298,slow cooker,%slow%cooker%
298,professional power bank,%professional%power%bank%
298,ultra fitness tracker,%ultra%fitness%tracker%
298,high_speed camera bag,%high_speed%camera%bag%
298,gaming power bank,%gaming%power%bank%
298,electric grill,%electric%grill%
298,smart_home camera filter,%smart_home%camera%filter%
298,smart_home smoke detector,%smart_home%smoke%detector%
298,professional webcam,%professional%webcam%
298,all_in_one water purifier,%all_in_one%water%purifier%
299,4K floor lamp,%4K%floor%lamp%
299,4K home theater,%4K%home%theater%
299,touch_screen external hard drive,%touch_screen%external%hard%drive%
299,smartwatch,%smartwatch%
299,all_in_one coffee maker,%all_in_one%coffee%maker%
299,4K thermostat,%4K%thermostat%
299,black laptop,%black%laptop%
299,high_speed electric kettle,%high_speed%electric%kettle%
300,LED mini fridge,%LED%mini%fridge%
300,4K gaming mouse,%4K%gaming%mouse%
300,touch_screen sound system,%touch_screen%sound%system%
300,bluetooth electric skillet,%bluetooth%electric%skillet%
300,touch_screen smart lock,%touch_screen%smart%lock%
300,compact SSD,%compact%SSD%
300,black air fryer,%black%air%fryer%
300,high_speed coffee maker,%high_speed%coffee%maker%
300,pro ceiling fan,%pro%ceiling%fan%
300,high_speed electric kettle,%high_speed%electric%kettle%
301,ultra camcorder,%ultra%camcorder%
301,bluetooth portable heater,%bluetooth%portable%heater%
301,pro humidifier,%pro%humidifier%
301,noise_cancelling flash drive,%noise_cancelling%flash%drive%
301,pro robot vacuum,%pro%robot%vacuum%
301,4K smart TV,%4K%smart%TV%
301,advanced OLED TV,%advanced%OLED%TV%
301,LED electric grill,%LED%electric%grill%
302,advanced LED lamp,%advanced%LED%lamp%
302,high_speed gaming console,%high_speed%gaming%console%
302,gaming electric grill,%gaming%electric%grill%
302,touch_screen soundbar,%touch_screen%soundbar%
302,4K game controller,%4K%game%controller%
302,LED portable charger,%LED%portable%charger%
303,pro dishwasher,%pro%dishwasher%
303,eco LED TV,%eco%LED%TV%
303,noise_cancelling action camera,%noise_cancelling%action%camera%
303,portable charger,%portable%charger%
303,ultra dehumidifier,%ultra%dehumidifier%
304,bluetooth digital camera,%bluetooth%digital%camera%
304,4K game controller,%4K%game%controller%
304,bluetooth refrigerator,%bluetooth%refrigerator%
304,smart_home water purifier,%smart_home%water%purifier%
304,high_speed mechanical keyboard,%high_speed%mechanical%keyboard%
304,LED TV,%LED%TV%
304,smart_home humidifier,%smart_home%humidifier%
304,black convection oven,%black%convection%oven%
304,high_speed scanner,%high_speed%scanner%
304,all_in_one mirrorless camera,%all_in_one%mirrorless%camera%
304,noise_cancelling mechanical keyboard,%noise_cancelling%mechanical%keyboard%
304,bluetooth gaming console,%bluetooth%gaming%console%
304,all_in_one desk lamp,%all_in_one%desk%lamp%
304,smart home hub,%smart%home%hub%
305,bluetooth security camera,%bluetooth%security%camera%
305,gaming air fryer,%gaming%air%fryer%
305,touch_screen video doorbell,%touch_screen%video%doorbell%
305,touch_screen soundbar,%touch_screen%soundbar%
305,noise_cancelling handheld vacuum,%noise_cancelling%handheld%vacuum%
305,professional dehumidifier,%professional%dehumidifier%
305,ultra dehumidifier,%ultra%dehumidifier%
306,noise_cancelling gaming console,%noise_cancelling%gaming%console%
306,gaming electric grill,%gaming%electric%grill%
306,ultra smartwatch,%ultra%smartwatch%
306,ultra action camera,%ultra%action%camera%
306,compact webcam,%compact%webcam%
306,LED induction cooktop,%LED%induction%cooktop%
307,bluetooth digital camera,%bluetooth%digital%camera%
307,smart_home video doorbell,%smart_home%video%doorbell%
307,LED electric kettle,%LED%electric%kettle%
307,touch_screen mini fridge,%touch_screen%mini%fridge%
307,advanced rice cooker,%advanced%rice%cooker%
307,black microwave oven,%black%microwave%oven%
307,gaming smartwatch,%gaming%smartwatch%
307,high_speed robot vacuum,%high_speed%robot%vacuum%
307,eco portable charger,%eco%portable%charger%
307,compact rice cooker,%compact%rice%cooker%
307,advanced ceiling lamp,%advanced%ceiling%lamp%
307,noise_cancelling water purifier,%noise_cancelling%water%purifier%
307,bluetooth electric kettle,%bluetooth%electric%kettle%
307,eco flash drive,%eco%flash%drive%
308,smart_home video doorbell,%smart_home%video%doorbell%
308,noise_cancelling juicer,%noise_cancelling%juicer%
308,compact 4K TV,%compact%4K%TV%
308,professional memory card,%professional%memory%card%
308,compact espresso machine,%compact%espresso%machine%
308,all_in_one camera bag,%all_in_one%camera%bag%
308,touch_screen sound system,%touch_screen%sound%system%
308,ultra external hard drive,%ultra%external%hard%drive%
308,compact rice cooker,%compact%rice%cooker%
308,portable charger,%portable%charger%
308,high_speed humidifier,%high_speed%humidifier%
308,black camera filter,%black%camera%filter%
308,professional webcam,%professional%webcam%
309,touch_screen toaster,%touch_screen%toaster%
309,professional desk lamp,%professional%desk%lamp%
309,compact OLED TV,%compact%OLED%TV%
309,gaming console,%gaming%console%
309,compact slow cooker,%compact%slow%cooker%
309,gaming wireless headphones,%gaming%wireless%headphones%
309,LED smart light bulb,%LED%smart%light%bulb%
309,smart_home subwoofer,%smart_home%subwoofer%
309,energy_saving scanner,%energy_saving%scanner%
310,eco camera bag,%eco%camera%bag%
310,noise_cancelling studio headphones,%noise_cancelling%studio%headphones%
310,eco studio headphones,%eco%studio%headphones%
310,high_speed gaming headset,%high_speed%gaming%headset%
310,pro camcorder,%pro%camcorder%
310,smart_home water purifier,%smart_home%water%purifier%
310,4K humidifier,%4K%humidifier%
310,bluetooth webcam,%bluetooth%webcam%
310,LED induction cooktop,%LED%induction%cooktop%
310,bluetooth fitness tracker,%bluetooth%fitness%tracker%
311,noise_cancelling air fryer,%noise_cancelling%air%fryer%
311,bluetooth smart lock,%bluetooth%smart%lock%
311,4K floor lamp,%4K%floor%lamp%
311,4K ice maker,%4K%ice%maker%
311,energy_saving mini fridge,%energy_saving%mini%fridge%
311,pro washing machine,%pro%washing%machine%
311,ultra wireless router,%ultra%wireless%router%
311,all_in_one camera lens,%all_in_one%camera%lens%
311,touch_screen flash drive,%touch_screen%flash%drive%
311,gaming air purifier,%gaming%air%purifier%
311,smart_home portable heater,%smart_home%portable%heater%
311,eco LED lamp,%eco%LED%lamp%
311,high_speed humidifier,%high_speed%humidifier%
311,noise_cancelling OLED TV,%noise_cancelling%OLED%TV%
311,black camera filter,%black%camera%filter%
312,LED dishwasher,%LED%dishwasher%
312,eco thermostat,%eco%thermostat%
312,smart_home ceiling fan,%smart_home%ceiling%fan%
312,advanced rice cooker,%advanced%rice%cooker%
312,professional humidifier,%professional%humidifier%
312,gaming electric grill,%gaming%electric%grill%
312,eco external hard drive,%eco%external%hard%drive%
312,digital camera,%digital%camera%
312,smart_home air fryer,%smart_home%air%fryer%
312,touch_screen digital camera,%touch_screen%digital%camera%
312,black juicer,%black%juicer%
312,gaming air purifier,%gaming%air%purifier%
312,all_in_one fan,%all_in_one%fan%
312,eco SSD,%eco%SSD%
312,bluetooth fitness tracker,%bluetooth%fitness%tracker%
313,advanced LED lamp,%advanced%LED%lamp%
313,energy_saving electric skillet,%energy_saving%electric%skillet%
313,USB_C electric grill,%USB_C%electric%grill%
313,coffee maker,%coffee%maker%
313,bluetooth water purifier,%bluetooth%water%purifier%
313,eco portable charger,%eco%portable%charger%
313,4K thermostat,%4K%thermostat%
313,black laptop,%black%laptop%
313,professional thermostat,%professional%thermostat%
313,smart_home washing machine,%smart_home%washing%machine%
313,noise_cancelling OLED TV,%noise_cancelling%OLED%TV%
313,pro slow cooker,%pro%slow%cooker%
314,high_speed electric skillet,%high_speed%electric%skillet%
314,USB_C studio headphones,%USB_C%studio%headphones%
314,sound system,%sound%system%
314,eco LED lamp,%eco%LED%lamp%
314,smart_home washing machine,%smart_home%washing%machine%
314,advanced wireless headphones,%advanced%wireless%headphones%
314,touch_screen smart lock,%touch_screen%smart%lock%
314,humidifier,%humidifier%
314,USB_C desktop PC,%USB_C%desktop%PC%
314,black smoke detector,%black%smoke%detector%
314,compact juicer,%compact%juicer%
314,LED electric skillet,%LED%electric%skillet%
314,noise_cancelling flash drive,%noise_cancelling%flash%drive%
315,advanced LED lamp,%advanced%LED%lamp%
315,professional desk lamp,%professional%desk%lamp%
315,4K game controller,%4K%game%controller%
315,high_speed fan,%high_speed%fan%
315,noise_cancelling juicer,%noise_cancelling%juicer%
315,advanced dryer,%advanced%dryer%
315,4K gaming mouse,%4K%gaming%mouse%
315,compact webcam,%compact%webcam%
315,ultra convection oven,%ultra%convection%oven%
315,pro convection oven,%pro%convection%oven%
315,advanced vacuum cleaner,%advanced%vacuum%cleaner%
315,4K toaster,%4K%toaster%
315,4K studio headphones,%4K%studio%headphones%
316,4K smart lock,%4K%smart%lock%
316,high_speed flash drive,%high_speed%flash%drive%
316,smart_home power bank,%smart_home%power%bank%
316,gaming air fryer,%gaming%air%fryer%
316,compact subwoofer,%compact%subwoofer%
316,ultra rice cooker,%ultra%rice%cooker%
316,black laptop,%black%laptop%
316,USB_C juicer,%USB_C%juicer%
316,compact game controller,%compact%game%controller%
316,eco OLED TV,%eco%OLED%TV%
316,4K mirrorless camera,%4K%mirrorless%camera%
316,energy_saving video doorbell,%energy_saving%video%doorbell%
316,pro ceiling fan,%pro%ceiling%fan%
316,4K smart home hub,%4K%smart%home%hub%
317,bluetooth security camera,%bluetooth%security%camera%
317,LED smart TV,%LED%smart%TV%
317,touch_screen mini fridge,%touch_screen%mini%fridge%
317,advanced rice cooker,%advanced%rice%cooker%
317,advanced camera filter,%advanced%camera%filter%
317,4K ceiling lamp,%4K%ceiling%lamp%
317,4K gaming mouse,%4K%gaming%mouse%
317,compact SSD,%compact%SSD%
317,ultra coffee maker,%ultra%coffee%maker%
317,touch_screen floor lamp,%touch_screen%floor%lamp%
317,4K memory card,%4K%memory%card%
317,4K TV,%4K%TV%
318,USB_C humidifier,%USB_C%humidifier%
318,ultra tripod,%ultra%tripod%
318,energy_saving mirrorless camera,%energy_saving%mirrorless%camera%
318,USB_C camcorder,%USB_C%camcorder%
318,high_speed camera lens,%high_speed%camera%lens%
318,black coffee maker,%black%coffee%maker%
318,black ice maker,%black%ice%maker%
318,black juicer,%black%juicer%
318,advanced dishwasher,%advanced%dishwasher%
318,LED ceiling lamp,%LED%ceiling%lamp%
319,4K soundbar,%4K%soundbar%
319,all_in_one game controller,%all_in_one%game%controller%
319,pro ceiling fan,%pro%ceiling%fan%
319,eco portable charger,%eco%portable%charger%
319,advanced electric grill,%advanced%electric%grill%
319,black laptop,%black%laptop%
319,all_in_one home theater,%all_in_one%home%theater%
319,gaming webcam,%gaming%webcam%
319,4K ice maker,%4K%ice%maker%
319,LED portable charger,%LED%portable%charger%
319,pro dehumidifier,%pro%dehumidifier%
319,touch_screen camcorder,%touch_screen%camcorder%
319,all_in_one electric skillet,%all_in_one%electric%skillet%
320,compact smart lock,%compact%smart%lock%
320,bluetooth water purifier,%bluetooth%water%purifier%
320,4K thermostat,%4K%thermostat%
320,eco desktop PC,%eco%desktop%PC%
320,4K digital camera,%4K%digital%camera%
320,energy_saving flash drive,%energy_saving%flash%drive%
320,smart home hub,%smart%home%hub%
320,4K studio headphones,%4K%studio%headphones%
320,touch_screen OLED TV,%touch_screen%OLED%TV%
321,high_speed rice cooker,%high_speed%rice%cooker%
321,smart_home humidifier,%smart_home%humidifier%
321,advanced smart earbuds,%advanced%smart%earbuds%
321,coffee maker,%coffee%maker%
321,LED electric skillet,%LED%electric%skillet%
321,soundbar,%soundbar%
321,touch_screen blender,%touch_screen%blender%
321,eco rice cooker,%eco%rice%cooker%
321,energy_saving espresso machine,%energy_saving%espresso%machine%
321,smart_home camera lens,%smart_home%camera%lens%
321,bluetooth food processor,%bluetooth%food%processor%
321,high_speed LED TV,%high_speed%LED%TV%
322,advanced refrigerator,%advanced%refrigerator%
322,noise_cancelling gaming console,%noise_cancelling%gaming%console%
322,touch_screen printer,%touch_screen%printer%
322,smart_home game controller,%smart_home%game%controller%
322,ultra security camera,%ultra%security%camera%
322,energy_saving subwoofer,%energy_saving%subwoofer%
322,smart_home microphone,%smart_home%microphone%
323,advanced wireless headphones,%advanced%wireless%headphones%
323,black coffee maker,%black%coffee%maker%
323,all_in_one smart scale,%all_in_one%smart%scale%
323,noise_cancelling handheld vacuum,%noise_cancelling%handheld%vacuum%
323,compact juicer,%compact%juicer%
324,pro tablet,%pro%tablet%
324,LED dryer,%LED%dryer%
324,smart_home slow cooker,%smart_home%slow%cooker%
324,energy_saving action camera,%energy_saving%action%camera%
324,energy_saving smartwatch,%energy_saving%smartwatch%
325,bluetooth mechanical keyboard,%bluetooth%mechanical%keyboard%
325,smart_home slow cooker,%smart_home%slow%cooker%
325,energy_saving vacuum cleaner,%energy_saving%vacuum%cleaner%
325,eco external hard drive,%eco%external%hard%drive%
325,noise_cancelling SSD,%noise_cancelling%SSD%
325,USB_C juicer,%USB_C%juicer%
325,touch_screen digital camera,%touch_screen%digital%camera%
325,4K projector,%4K%projector%
325,LED smart scale,%LED%smart%scale%
325,pro wireless router,%pro%wireless%router%
325,eco SSD,%eco%SSD%
326,bluetooth security camera,%bluetooth%security%camera%
326,USB_C camera filter,%USB_C%camera%filter%
326,compact vacuum cleaner,%compact%vacuum%cleaner%
326,bluetooth humidifier,%bluetooth%humidifier%
326,eco LED TV,%eco%LED%TV%
326,touch_screen desktop PC,%touch_screen%desktop%PC%
326,eco smart TV,%eco%smart%TV%
326,black digital camera,%black%digital%camera%
326,ultra rice cooker,%ultra%rice%cooker%
326,touch_screen gaming console,%touch_screen%gaming%console%
326,compact laptop,%compact%laptop%
326,eco dryer,%eco%dryer%
326,compact webcam,%compact%webcam%
326,noise_cancelling OLED TV,%noise_cancelling%OLED%TV%
326,all_in_one water purifier,%all_in_one%water%purifier%
327,4K soundbar,%4K%soundbar%
327,high_speed external hard drive,%high_speed%external%hard%drive%
327,noise_cancelling electric grill,%noise_cancelling%electric%grill%
327,pro washing machine,%pro%washing%machine%
327,touch_screen sound system,%touch_screen%sound%system%
327,USB_C wireless headphones,%USB_C%wireless%headphones%
327,4K studio headphones,%4K%studio%headphones%
328,high_speed rice cooker,%high_speed%rice%cooker%
328,compact security camera,%compact%security%camera%
328,eco smart TV,%eco%smart%TV%
328,ultra mini fridge,%ultra%mini%fridge%
328,4K thermostat,%4K%thermostat%
328,energy_saving espresso machine,%energy_saving%espresso%machine%
328,touch_screen OLED TV,%touch_screen%OLED%TV%
329,advanced air purifier,%advanced%air%purifier%
329,energy_saving microphone,%energy_saving%microphone%
329,professional studio headphones,%professional%studio%headphones%
329,smart_home digital camera,%smart_home%digital%camera%
329,eco laptop,%eco%laptop%
329,eco scanner,%eco%scanner%
329,energy_saving scanner,%energy_saving%scanner%
329,smart lock,%smart%lock%
329,smart home hub,%smart%home%hub%
329,pro air fryer,%pro%air%fryer%
329,ultra air fryer,%ultra%air%fryer%
330,4K home theater,%4K%home%theater%
330,energy_saving electric kettle,%energy_saving%electric%kettle%
330,LED soundbar,%LED%soundbar%
330,LED microwave oven,%LED%microwave%oven%
330,bluetooth power bank,%bluetooth%power%bank%
330,smart lock,%smart%lock%
330,compact game controller,%compact%game%controller%
330,eco blender,%eco%blender%
330,LED game controller,%LED%game%controller%
330,touch_screen smoke detector,%touch_screen%smoke%detector%
331,touch_screen printer,%touch_screen%printer%
331,ultra tripod,%ultra%tripod%
331,smart lock,%smart%lock%
331,noise_cancelling sound system,%noise_cancelling%sound%system%
331,USB_C desktop PC,%USB_C%desktop%PC%
332,energy_saving LED TV,%energy_saving%LED%TV%
332,gaming electric grill,%gaming%electric%grill%
332,advanced smartwatch,%advanced%smartwatch%
332,noise_cancelling LED lamp,%noise_cancelling%LED%lamp%
332,all_in_one gaming headset,%all_in_one%gaming%headset%
332,ultra camera bag,%ultra%camera%bag%
332,eco ceiling fan,%eco%ceiling%fan%
332,pro portable heater,%pro%portable%heater%
332,smart_home video doorbell,%smart_home%video%doorbell%
332,4K camera lens,%4K%camera%lens%
333,gaming wireless headphones,%gaming%wireless%headphones%
333,bluetooth mechanical keyboard,%bluetooth%mechanical%keyboard%
333,gaming convection oven,%gaming%convection%oven%
333,energy_saving vacuum cleaner,%energy_saving%vacuum%cleaner%
333,noise_cancelling SSD,%noise_cancelling%SSD%
333,all_in_one electric grill,%all_in_one%electric%grill%
333,bluetooth smart light bulb,%bluetooth%smart%light%bulb%
333,pro portable heater,%pro%portable%heater%
333,professional electric kettle,%professional%electric%kettle%
333,bluetooth wireless router,%bluetooth%wireless%router%
334,high_speed robot vacuum,%high_speed%robot%vacuum%
334,4K thermostat,%4K%thermostat%
334,eco ceiling fan,%eco%ceiling%fan%
334,pro scanner,%pro%scanner%
334,pro robot vacuum,%pro%robot%vacuum%
335,4K video doorbell,%4K%video%doorbell%
335,high_speed gaming console,%high_speed%gaming%console%
335,4K QLED TV,%4K%QLED%TV%
335,USB_C camcorder,%USB_C%camcorder%
335,gaming game controller,%gaming%game%controller%
335,bluetooth subwoofer,%bluetooth%subwoofer%
335,4K memory card,%4K%memory%card%
335,professional smart TV,%professional%smart%TV%
335,LED refrigerator,%LED%refrigerator%
336,gaming wireless headphones,%gaming%wireless%headphones%
336,advanced video doorbell,%advanced%video%doorbell%
336,pro humidifier,%pro%humidifier%
336,noise_cancelling electric grill,%noise_cancelling%electric%grill%
336,professional humidifier,%professional%humidifier%
336,professional studio headphones,%professional%studio%headphones%
336,smart_home tripod,%smart_home%tripod%
336,USB_C blender,%USB_C%blender%
336,smart_home microphone,%smart_home%microphone%
336,eco dryer,%eco%dryer%
336,eco soundbar,%eco%soundbar%
336,smart_home camera filter,%smart_home%camera%filter%
336,all_in_one power bank,%all_in_one%power%bank%
336,water purifier,%water%purifier%
336,ultra air fryer,%ultra%air%fryer%
337,advanced refrigerator,%advanced%refrigerator%
337,eco thermostat,%eco%thermostat%
337,pro microwave oven,%pro%microwave%oven%
337,professional gaming headset,%professional%gaming%headset%
337,high_speed robot vacuum,%high_speed%robot%vacuum%
337,eco digital camera,%eco%digital%camera%
337,smart_home toaster,%smart_home%toaster%
337,touch_screen soundbar,%touch_screen%soundbar%
337,compact SSD,%compact%SSD%
337,smart_home water purifier,%smart_home%water%purifier%
337,pro scanner,%pro%scanner%
337,ultra air fryer,%ultra%air%fryer%
338,noise_cancelling air fryer,%noise_cancelling%air%fryer%
338,all_in_one convection oven,%all_in_one%convection%oven%
338,black microwave oven,%black%microwave%oven%
338,noise_cancelling OLED TV,%noise_cancelling%OLED%TV%
338,high_speed sound system,%high_speed%sound%system%
338,bluetooth LED lamp,%bluetooth%LED%lamp%
339,noise_cancelling gaming mouse,%noise_cancelling%gaming%mouse%
339,4K laptop,%4K%laptop%
339,advanced mirrorless camera,%advanced%mirrorless%camera%
339,ultra smart lock,%ultra%smart%lock%
339,noise_cancelling LED lamp,%noise_cancelling%LED%lamp%
339,black laptop,%black%laptop%
339,pro tripod,%pro%tripod%
339,noise_cancelling SSD,%noise_cancelling%SSD%
339,USB_C power bank,%USB_C%power%bank%
339,ultra humidifier,%ultra%humidifier%
339,LED electric skillet,%LED%electric%skillet%
339,all_in_one water purifier,%all_in_one%water%purifier%
340,touch_screen toaster,%touch_screen%toaster%
340,all_in_one camcorder,%all_in_one%camcorder%
340,energy_saving ceiling lamp,%energy_saving%ceiling%lamp%
340,4K webcam,%4K%webcam%
340,coffee maker,%coffee%maker%
340,compact espresso machine,%compact%espresso%machine%
340,gaming SSD,%gaming%SSD%
340,gaming juicer,%gaming%juicer%
340,USB_C camcorder,%USB_C%camcorder%
340,compact flash drive,%compact%flash%drive%
340,smart_home camera filter,%smart_home%camera%filter%
340,black gaming headset,%black%gaming%headset%
341,smart_home mirrorless camera,%smart_home%mirrorless%camera%
341,eco fitness tracker,%eco%fitness%tracker%
341,pro washing machine,%pro%washing%machine%
341,bluetooth fan,%bluetooth%fan%
341,eco scanner,%eco%scanner%
341,compact game controller,%compact%game%controller%
341,touch_screen memory card,%touch_screen%memory%card%
341,touch_screen smoke detector,%touch_screen%smoke%detector%
341,4K humidifier,%4K%humidifier%
341,bluetooth speaker,%bluetooth%speaker%
342,USB_C electric skillet,%USB_C%electric%skillet%
342,4K webcam,%4K%webcam%
342,pro humidifier,%pro%humidifier%
342,energy_saving fan,%energy_saving%fan%
342,high_speed robot vacuum,%high_speed%robot%vacuum%
342,black coffee maker,%black%coffee%maker%
342,smart_home portable heater,%smart_home%portable%heater%
343,high_speed microwave oven,%high_speed%microwave%oven%
343,energy_saving action camera,%energy_saving%action%camera%
343,touch_screen memory card,%touch_screen%memory%card%
343,high_speed soundbar,%high_speed%soundbar%
343,smart_home water purifier,%smart_home%water%purifier%
343,all_in_one fan,%all_in_one%fan%
343,black tablet,%black%tablet%
343,smart_home fitness tracker,%smart_home%fitness%tracker%
344,noise_cancelling tripod,%noise_cancelling%tripod%
344,energy_saving electric skillet,%energy_saving%electric%skillet%
344,eco thermostat,%eco%thermostat%
344,energy_saving video doorbell,%energy_saving%video%doorbell%
344,high_speed gaming console,%high_speed%gaming%console%
344,smart_home mirrorless camera,%smart_home%mirrorless%camera%
344,professional portable charger,%professional%portable%charger%
344,touch_screen smart lock,%touch_screen%smart%lock%
344,noise_cancelling handheld vacuum,%noise_cancelling%handheld%vacuum%
344,gaming air purifier,%gaming%air%purifier%
344,portable charger,%portable%charger%
344,compact juicer,%compact%juicer%
344,black camera filter,%black%camera%filter%
344,all_in_one electric skillet,%all_in_one%electric%skillet%
345,eco ceiling fan,%eco%ceiling%fan%
345,4K desktop PC,%4K%desktop%PC%
345,LED TV,%LED%TV%
345,all_in_one water purifier,%all_in_one%water%purifier%
346,bluetooth refrigerator,%bluetooth%refrigerator%
346,all_in_one smartwatch,%all_in_one%smartwatch%
346,smart_home ceiling fan,%smart_home%ceiling%fan%
346,USB_C convection oven,%USB_C%convection%oven%
346,professional memory card,%professional%memory%card%
346,USB_C camcorder,%USB_C%camcorder%
346,gaming juicer,%gaming%juicer%
346,black convection oven,%black%convection%oven%
346,advanced electric grill,%advanced%electric%grill%
346,compact memory card,%compact%memory%card%
346,all_in_one desk lamp,%all_in_one%desk%lamp%
346,advanced vacuum cleaner,%advanced%vacuum%cleaner%
346,noise_cancelling sound system,%noise_cancelling%sound%system%
346,bluetooth mirrorless camera,%bluetooth%mirrorless%camera%
347,eco air purifier,%eco%air%purifier%
347,high_speed fan,%high_speed%fan%
347,4K home theater,%4K%home%theater%
347,smart_home slow cooker,%smart_home%slow%cooker%
347,smart_home ceiling fan,%smart_home%ceiling%fan%
347,touch_screen external hard drive,%touch_screen%external%hard%drive%
347,LED electric skillet,%LED%electric%skillet%
347,high_speed robot vacuum,%high_speed%robot%vacuum%
347,ultra smartwatch,%ultra%smartwatch%
347,compact subwoofer,%compact%subwoofer%
347,eco ceiling fan,%eco%ceiling%fan%
347,smart_home 4K TV,%smart_home%4K%TV%
347,energy_saving video doorbell,%energy_saving%video%doorbell%
347,black dehumidifier,%black%dehumidifier%
348,LED electric kettle,%LED%electric%kettle%
348,gaming video doorbell,%gaming%video%doorbell%
348,ultra rice cooker,%ultra%rice%cooker%
348,smart_home microphone,%smart_home%microphone%
348,all_in_one gaming headset,%all_in_one%gaming%headset%
348,noise_cancelling SSD,%noise_cancelling%SSD%
348,advanced SSD,%advanced%SSD%
348,bluetooth speaker,%bluetooth%speaker%
349,black humidifier,%black%humidifier%
349,eco fitness tracker,%eco%fitness%tracker%
349,eco studio headphones,%eco%studio%headphones%
349,all_in_one studio headphones,%all_in_one%studio%headphones%
349,eco espresso machine,%eco%espresso%machine%
349,all_in_one smart scale,%all_in_one%smart%scale%
349,bluetooth subwoofer,%bluetooth%subwoofer%
349,advanced SSD,%advanced%SSD%
349,pro SSD,%pro%SSD%
349,bluetooth speaker,%bluetooth%speaker%
